episode,step,reward,dropped,drop_rate,completed,accepted
0,0,0.5,0,0.0,0,1
0,1,2.5,0,0.0,1,2
0,2,2.5,0,0.0,2,3
0,3,0.0,0,0.0,2,4
0,4,-0.5,0,0.0,2,5
0,5,1.5,0,0.0,3,6
0,6,-6.0,1,0.14285714285714285,3,6
0,7,2.0,1,0.125,4,7
0,8,-0.5,1,0.1111111111111111,4,8
0,9,1.5,1,0.1,5,9
0,10,-6.0,2,0.18181818181818182,5,9
0,11,1.5,2,0.16666666666666666,6,10
0,12,3.5,2,0.15384615384615385,8,11
0,13,-6.0,3,0.21428571428571427,8,11
0,14,-6.0,4,0.26666666666666666,8,11
0,15,-6.0,5,0.3125,8,11
0,16,-0.5,5,0.29411764705882354,8,12
0,17,1.5,5,0.2777777777777778,9,13
0,18,1.5,5,0.2631578947368421,10,14
0,19,1.5,5,0.25,11,15
0,20,-6.0,6,0.2857142857142857,11,15
0,21,-4.0,7,0.3181818181818182,12,15
0,22,-0.5,7,0.30434782608695654,12,16
0,23,-6.0,8,0.3333333333333333,12,16
0,24,1.5,8,0.32,13,17
0,25,1.5,8,0.3076923076923077,14,18
0,26,-4.0,9,0.3333333333333333,15,18
0,27,-0.5,9,0.32142857142857145,15,19
0,28,-4.0,10,0.3448275862068966,16,19
0,29,-0.5,10,0.3333333333333333,16,20
0,30,1.5,10,0.3225806451612903,17,21
0,31,-6.0,11,0.34375,17,21
0,32,-6.0,12,0.36363636363636365,17,21
0,33,1.5,12,0.35294117647058826,18,22
0,34,1.5,12,0.34285714285714286,19,23
0,35,-4.0,13,0.3611111111111111,20,23
0,36,-0.5,13,0.35135135135135137,20,24
0,37,-4.0,14,0.3684210526315789,21,24
0,38,-0.5,14,0.358974358974359,21,25
0,39,3.5,14,0.35,23,26
0,40,-0.5,14,0.34146341463414637,23,27
0,41,-0.5,14,0.3333333333333333,23,28
0,42,1.5,14,0.32558139534883723,24,29
0,43,-4.0,15,0.3409090909090909,25,29
0,44,-6.0,16,0.35555555555555557,25,29
0,45,1.5,16,0.34782608695652173,26,30
0,46,1.5,16,0.3404255319148936,27,31
0,47,-4.0,17,0.3541666666666667,28,31
0,48,2.0,17,0.3469387755102041,29,32
0,49,1.5,17,0.34,30,33
1,0,0.5,0,0.0,0,1
1,1,0.0,0,0.0,0,2
1,2,0.0,0,0.0,0,3
1,3,2.0,0,0.0,1,4
1,4,0.0,0,0.0,1,5
1,5,1.5,0,0.0,2,6
1,6,1.5,0,0.0,3,7
1,7,1.5,0,0.0,4,8
1,8,1.5,0,0.0,5,9
1,9,1.5,0,0.0,6,10
1,10,1.5,0,0.0,7,11
1,11,-6.0,1,0.08333333333333333,7,11
1,12,1.5,1,0.07692307692307693,8,12
1,13,1.5,1,0.07142857142857142,9,13
1,14,1.5,1,0.06666666666666667,10,14
1,15,-1.0,1,0.0625,10,15
1,16,-4.0,2,0.11764705882352941,11,15
1,17,1.5,2,0.1111111111111111,12,16
1,18,-0.5,2,0.10526315789473684,12,17
1,19,-4.0,3,0.15,13,17
1,20,1.5,3,0.14285714285714285,14,18
1,21,-4.0,4,0.18181818181818182,15,18
1,22,-0.5,4,0.17391304347826086,15,19
1,23,-6.0,5,0.20833333333333334,15,19
1,24,2.0,5,0.2,16,20
1,25,-0.5,5,0.19230769230769232,16,21
1,26,-6.0,6,0.2222222222222222,16,21
1,27,3.5,6,0.21428571428571427,18,22
1,28,-0.5,6,0.20689655172413793,18,23
1,29,-4.0,7,0.23333333333333334,19,23
1,30,1.5,7,0.22580645161290322,20,24
1,31,-6.0,8,0.25,20,24
1,32,3.5,8,0.24242424242424243,22,25
1,33,-6.0,9,0.2647058823529412,22,25
1,34,-0.5,9,0.2571428571428571,22,26
1,35,-6.0,10,0.2777777777777778,22,26
1,36,3.5,10,0.2702702702702703,24,27
1,37,-0.5,10,0.2631578947368421,24,28
1,38,-6.0,11,0.28205128205128205,24,28
1,39,-6.0,12,0.3,24,28
1,40,-1.0,12,0.2926829268292683,24,29
1,41,3.5,12,0.2857142857142857,26,30
1,42,-0.5,12,0.27906976744186046,26,31
1,43,1.5,12,0.2727272727272727,27,32
1,44,1.5,12,0.26666666666666666,28,33
1,45,-2.0,13,0.2826086956521739,30,33
1,46,-0.5,13,0.2765957446808511,30,34
1,47,1.5,13,0.2708333333333333,31,35
1,48,-1.0,13,0.2653061224489796,31,36
1,49,-6.5,14,0.28,31,36
2,0,0.5,0,0.0,0,1
2,1,0.0,0,0.0,0,2
2,2,2.5,0,0.0,1,3
2,3,0.0,0,0.0,1,4
2,4,-0.5,0,0.0,1,5
2,5,-1.0,0,0.0,1,6
2,6,-6.5,1,0.14285714285714285,1,6
2,7,3.5,1,0.125,3,7
2,8,-6.0,2,0.2222222222222222,3,7
2,9,-1.0,2,0.2,3,8
2,10,1.0,2,0.18181818181818182,4,9
2,11,-4.0,3,0.25,5,9
2,12,-6.0,4,0.3076923076923077,5,9
2,13,1.5,4,0.2857142857142857,6,10
2,14,1.5,4,0.26666666666666666,7,11
2,15,3.5,4,0.25,9,12
2,16,-0.5,4,0.23529411764705882,9,13
2,17,-0.5,4,0.2222222222222222,9,14
2,18,-4.0,5,0.2631578947368421,10,14
2,19,3.5,5,0.25,12,15
2,20,-0.5,5,0.23809523809523808,12,16
2,21,3.5,5,0.22727272727272727,14,17
2,22,2.0,5,0.21739130434782608,15,18
2,23,-0.5,5,0.20833333333333334,15,19
2,24,-0.5,5,0.2,15,20
2,25,-6.0,6,0.23076923076923078,15,20
2,26,-4.0,7,0.25925925925925924,16,20
2,27,1.5,7,0.25,17,21
2,28,1.5,7,0.2413793103448276,18,22
2,29,1.5,7,0.23333333333333334,19,23
2,30,1.5,7,0.22580645161290322,20,24
2,31,1.5,7,0.21875,21,25
2,32,-6.0,8,0.24242424242424243,21,25
2,33,-6.0,9,0.2647058823529412,21,25
2,34,-1.0,9,0.2571428571428571,21,26
2,35,1.0,9,0.25,22,27
2,36,1.0,9,0.24324324324324326,23,28
2,37,-6.5,10,0.2631578947368421,23,28
2,38,-4.0,11,0.28205128205128205,24,28
2,39,-1.0,11,0.275,24,29
2,40,-1.0,11,0.2682926829268293,24,30
2,41,1.0,11,0.2619047619047619,25,31
2,42,-4.0,12,0.27906976744186046,26,31
2,43,-6.0,13,0.29545454545454547,26,31
2,44,1.5,13,0.28888888888888886,27,32
2,45,-2.0,14,0.30434782608695654,29,32
2,46,2.0,14,0.2978723404255319,30,33
2,47,0.0,14,0.2916666666666667,30,34
2,48,2.0,14,0.2857142857142857,31,35
2,49,1.5,14,0.28,32,36
3,0,0.5,0,0.0,0,1
3,1,0.0,0,0.0,0,2
3,2,2.5,0,0.0,1,3
3,3,0.0,0,0.0,1,4
3,4,-0.5,0,0.0,1,5
3,5,-1.0,0,0.0,1,6
3,6,-1.5,0,0.0,1,7
3,7,3.0,0,0.0,3,8
3,8,1.0,0,0.0,4,9
3,9,-6.5,1,0.1,4,9
3,10,-6.5,2,0.18181818181818182,4,9
3,11,1.0,2,0.16666666666666666,5,10
3,12,3.5,2,0.15384615384615385,7,11
3,13,1.5,2,0.14285714285714285,8,12
3,14,-0.5,2,0.13333333333333333,8,13
3,15,1.5,2,0.125,9,14
3,16,3.5,2,0.11764705882352941,11,15
3,17,-1.0,2,0.1111111111111111,11,16
3,18,1.0,2,0.10526315789473684,12,17
3,19,3.5,2,0.1,14,18
3,20,1.5,2,0.09523809523809523,15,19
3,21,1.5,2,0.09090909090909091,16,20
3,22,-1.0,2,0.08695652173913043,16,21
3,23,3.5,2,0.08333333333333333,18,22
3,24,-1.0,2,0.08,18,23
3,25,1.0,2,0.07692307692307693,19,24
3,26,-6.5,3,0.1111111111111111,19,24
3,27,-6.5,4,0.14285714285714285,19,24
3,28,-4.0,5,0.1724137931034483,20,24
3,29,1.5,5,0.16666666666666666,21,25
3,30,-6.0,6,0.1935483870967742,21,25
3,31,1.5,6,0.1875,22,26
3,32,-1.0,6,0.18181818181818182,22,27
3,33,1.5,6,0.17647058823529413,23,28
3,34,1.5,6,0.17142857142857143,24,29
3,35,-6.0,7,0.19444444444444445,24,29
3,36,3.5,7,0.1891891891891892,26,30
3,37,1.5,7,0.18421052631578946,27,31
3,38,1.5,7,0.1794871794871795,28,32
3,39,-0.5,7,0.175,28,33
3,40,-6.0,8,0.1951219512195122,28,33
3,41,5.5,8,0.19047619047619047,31,34
3,42,-0.5,8,0.18604651162790697,31,35
3,43,-1.0,8,0.18181818181818182,31,36
3,44,-1.0,8,0.17777777777777778,31,37
3,45,1.0,8,0.17391304347826086,32,38
3,46,3.0,8,0.1702127659574468,34,39
3,47,1.0,8,0.16666666666666666,35,40
3,48,1.0,8,0.16326530612244897,36,41
3,49,1.0,8,0.16,37,42
4,0,0.5,0,0.0,0,1
4,1,2.5,0,0.0,1,2
4,2,2.5,0,0.0,2,3
4,3,0.0,0,0.0,2,4
4,4,2.5,0,0.0,3,5
4,5,4.5,0,0.0,5,6
4,6,0.0,0,0.0,5,7
4,7,0.0,0,0.0,5,8
4,8,2.0,0,0.0,6,9
4,9,2.0,0,0.0,7,10
4,10,-0.5,0,0.0,7,11
4,11,1.5,0,0.0,8,12
4,12,1.5,0,0.0,9,13
4,13,-1.0,0,0.0,9,14
4,14,1.0,0,0.0,10,15
4,15,-1.5,0,0.0,10,16
4,16,-7.0,1,0.058823529411764705,10,16
4,17,-4.5,2,0.1111111111111111,11,16
4,18,1.0,2,0.10526315789473684,12,17
4,19,1.0,2,0.1,13,18
4,20,1.0,2,0.09523809523809523,14,19
4,21,-6.5,3,0.13636363636363635,14,19
4,22,-6.5,4,0.17391304347826086,14,19
4,23,-6.5,5,0.20833333333333334,14,19
4,24,1.0,5,0.2,15,20
4,25,1.0,5,0.19230769230769232,16,21
4,26,-1.0,5,0.18518518518518517,16,22
4,27,-6.5,6,0.21428571428571427,16,22
4,28,-4.0,7,0.2413793103448276,17,22
4,29,1.5,7,0.23333333333333334,18,23
4,30,-4.0,8,0.25806451612903225,19,23
4,31,3.5,8,0.25,21,24
4,32,-0.5,8,0.24242424242424243,21,25
4,33,-6.0,9,0.2647058823529412,21,25
4,34,-0.5,9,0.2571428571428571,21,26
4,35,3.5,9,0.25,23,27
4,36,3.5,9,0.24324324324324326,25,28
4,37,-0.5,9,0.23684210526315788,25,29
4,38,-6.0,10,0.2564102564102564,25,29
4,39,-0.5,10,0.25,25,30
4,40,1.5,10,0.24390243902439024,26,31
4,41,1.5,10,0.23809523809523808,27,32
4,42,3.5,10,0.23255813953488372,29,33
4,43,1.5,10,0.22727272727272727,30,34
4,44,1.5,10,0.2222222222222222,31,35
4,45,-1.0,10,0.21739130434782608,31,36
4,46,-1.5,10,0.2127659574468085,31,37
4,47,0.5,10,0.20833333333333334,32,38
4,48,3.0,10,0.20408163265306123,34,39
4,49,-1.5,10,0.2,34,40
5,0,0.5,0,0.0,0,1
5,1,0.0,0,0.0,0,2
5,2,-0.5,0,0.0,0,3
5,3,-0.5,0,0.0,0,4
5,4,-0.5,0,0.0,0,5
5,5,3.5,0,0.0,2,6
5,6,4.0,0,0.0,4,7
5,7,2.0,0,0.0,5,8
5,8,-0.5,0,0.0,5,9
5,9,-0.5,0,0.0,5,10
5,10,-4.0,1,0.09090909090909091,6,10
5,11,2.0,1,0.08333333333333333,7,11
5,12,-0.5,1,0.07692307692307693,7,12
5,13,3.5,1,0.07142857142857142,9,13
5,14,1.5,1,0.06666666666666667,10,14
5,15,1.5,1,0.0625,11,15
5,16,-0.5,1,0.058823529411764705,11,16
5,17,1.5,1,0.05555555555555555,12,17
5,18,-4.0,2,0.10526315789473684,13,17
5,19,-0.5,2,0.1,13,18
5,20,-4.0,3,0.14285714285714285,14,18
5,21,1.5,3,0.13636363636363635,15,19
5,22,-1.0,3,0.13043478260869565,15,20
5,23,-1.0,3,0.125,15,21
5,24,3.5,3,0.12,17,22
5,25,-1.0,3,0.11538461538461539,17,23
5,26,-2.0,4,0.14814814814814814,19,23
5,27,1.5,4,0.14285714285714285,20,24
5,28,1.5,4,0.13793103448275862,21,25
5,29,3.5,4,0.13333333333333333,23,26
5,30,2.0,4,0.12903225806451613,24,27
5,31,1.5,4,0.125,25,28
5,32,-0.5,4,0.12121212121212122,25,29
5,33,-6.0,5,0.14705882352941177,25,29
5,34,-1.0,5,0.14285714285714285,25,30
5,35,1.0,5,0.1388888888888889,26,31
5,36,-1.0,5,0.13513513513513514,26,32
5,37,-4.0,6,0.15789473684210525,27,32
5,38,3.5,6,0.15384615384615385,29,33
5,39,1.5,6,0.15,30,34
5,40,-6.0,7,0.17073170731707318,30,34
5,41,-1.0,7,0.16666666666666666,30,35
5,42,-4.0,8,0.18604651162790697,31,35
5,43,1.5,8,0.18181818181818182,32,36
5,44,3.5,8,0.17777777777777778,34,37
5,45,-6.0,9,0.1956521739130435,34,37
5,46,-0.5,9,0.19148936170212766,34,38
5,47,1.5,9,0.1875,35,39
5,48,-0.5,9,0.1836734693877551,35,40
5,49,1.5,9,0.18,36,41
6,0,0.5,0,0.0,0,1
6,1,0.0,0,0.0,0,2
6,2,0.0,0,0.0,0,3
6,3,-0.5,0,0.0,0,4
6,4,-0.5,0,0.0,0,5
6,5,1.5,0,0.0,1,6
6,6,1.5,0,0.0,2,7
6,7,3.5,0,0.0,4,8
6,8,1.5,0,0.0,5,9
6,9,-0.5,0,0.0,5,10
6,10,-6.0,1,0.09090909090909091,5,10
6,11,1.5,1,0.08333333333333333,6,11
6,12,3.5,1,0.07692307692307693,8,12
6,13,-1.0,1,0.07142857142857142,8,13
6,14,1.0,1,0.06666666666666667,9,14
6,15,-6.5,2,0.125,9,14
6,16,-1.0,2,0.11764705882352941,9,15
6,17,3.5,2,0.1111111111111111,11,16
6,18,-1.0,2,0.10526315789473684,11,17
6,19,-4.0,3,0.15,12,17
6,20,-6.0,4,0.19047619047619047,12,17
6,21,-4.0,5,0.22727272727272727,13,17
6,22,1.5,5,0.21739130434782608,14,18
6,23,1.5,5,0.20833333333333334,15,19
6,24,1.5,5,0.2,16,20
6,25,-6.0,6,0.23076923076923078,16,20
6,26,-0.5,6,0.2222222222222222,16,21
6,27,1.5,6,0.21428571428571427,17,22
6,28,-4.0,7,0.2413793103448276,18,22
6,29,-0.5,7,0.23333333333333334,18,23
6,30,-1.0,7,0.22580645161290322,18,24
6,31,1.0,7,0.21875,19,25
6,32,3.0,7,0.21212121212121213,21,26
6,33,3.5,7,0.20588235294117646,23,27
6,34,-0.5,7,0.2,23,28
6,35,1.5,7,0.19444444444444445,24,29
6,36,3.5,7,0.1891891891891892,26,30
6,37,1.5,7,0.18421052631578946,27,31
6,38,1.5,7,0.1794871794871795,28,32
6,39,-1.0,7,0.175,28,33
6,40,-6.5,8,0.1951219512195122,28,33
6,41,3.5,8,0.19047619047619047,30,34
6,42,-0.5,8,0.18604651162790697,30,35
6,43,3.5,8,0.18181818181818182,32,36
6,44,-1.0,8,0.17777777777777778,32,37
6,45,-1.5,8,0.17391304347826086,32,38
6,46,3.0,8,0.1702127659574468,34,39
6,47,-6.5,9,0.1875,34,39
6,48,-6.5,10,0.20408163265306123,34,39
6,49,1.0,10,0.2,35,40
7,0,0.5,0,0.0,0,1
7,1,0.0,0,0.0,0,2
7,2,0.0,0,0.0,0,3
7,3,-0.5,0,0.0,0,4
7,4,-0.5,0,0.0,0,5
7,5,3.5,0,0.0,2,6
7,6,-1.0,0,0.0,2,7
7,7,1.0,0,0.0,3,8
7,8,-1.5,0,0.0,3,9
7,9,-4.5,1,0.1,4,9
7,10,1.0,1,0.09090909090909091,5,10
7,11,-1.0,1,0.08333333333333333,5,11
7,12,3.5,1,0.07692307692307693,7,12
7,13,-6.0,2,0.14285714285714285,7,12
7,14,3.5,2,0.13333333333333333,9,13
7,15,1.5,2,0.125,10,14
7,16,-0.5,2,0.11764705882352941,10,15
7,17,-4.0,3,0.16666666666666666,11,15
7,18,1.5,3,0.15789473684210525,12,16
7,19,1.5,3,0.15,13,17
7,20,1.5,3,0.14285714285714285,14,18
7,21,1.5,3,0.13636363636363635,15,19
7,22,-0.5,3,0.13043478260869565,15,20
7,23,3.5,3,0.125,17,21
7,24,-0.5,3,0.12,17,22
7,25,1.5,3,0.11538461538461539,18,23
7,26,-4.0,4,0.14814814814814814,19,23
7,27,-1.0,4,0.14285714285714285,19,24
7,28,3.5,4,0.13793103448275862,21,25
7,29,1.5,4,0.13333333333333333,22,26
7,30,-0.5,4,0.12903225806451613,22,27
7,31,-4.0,5,0.15625,23,27
7,32,-0.5,5,0.15151515151515152,23,28
7,33,1.5,5,0.14705882352941177,24,29
7,34,-6.0,6,0.17142857142857143,24,29
7,35,-2.0,7,0.19444444444444445,26,29
7,36,-0.5,7,0.1891891891891892,26,30
7,37,-1.0,7,0.18421052631578946,26,31
7,38,1.0,7,0.1794871794871795,27,32
7,39,1.0,7,0.175,28,33
7,40,-4.0,8,0.1951219512195122,29,33
7,41,-6.0,9,0.21428571428571427,29,33
7,42,1.5,9,0.20930232558139536,30,34
7,43,-1.0,9,0.20454545454545456,30,35
7,44,1.0,9,0.2,31,36
7,45,3.5,9,0.1956521739130435,33,37
7,46,-1.0,9,0.19148936170212766,33,38
7,47,1.0,9,0.1875,34,39
7,48,3.5,9,0.1836734693877551,36,40
7,49,-0.5,9,0.18,36,41
8,0,0.5,0,0.0,0,1
8,1,0.0,0,0.0,0,2
8,2,2.5,0,0.0,1,3
8,3,0.0,0,0.0,1,4
8,4,4.0,0,0.0,3,5
8,5,0.0,0,0.0,3,6
8,6,4.0,0,0.0,5,7
8,7,0.0,0,0.0,5,8
8,8,-0.5,0,0.0,5,9
8,9,-1.0,0,0.0,5,10
8,10,3.5,0,0.0,7,11
8,11,-0.5,0,0.0,7,12
8,12,1.5,0,0.0,8,13
8,13,1.0,0,0.0,9,14
8,14,3.5,0,0.0,11,15
8,15,-0.5,0,0.0,11,16
8,16,-6.0,1,0.058823529411764705,11,16
8,17,1.5,1,0.05555555555555555,12,17
8,18,3.5,1,0.05263157894736842,14,18
8,19,4.0,1,0.05,16,19
8,20,-0.5,1,0.047619047619047616,16,20
8,21,1.5,1,0.045454545454545456,17,21
8,22,1.5,1,0.043478260869565216,18,22
8,23,-0.5,1,0.041666666666666664,18,23
8,24,3.5,1,0.04,20,24
8,25,1.5,1,0.038461538461538464,21,25
8,26,1.5,1,0.037037037037037035,22,26
8,27,-0.5,1,0.03571428571428571,22,27
8,28,1.5,1,0.034482758620689655,23,28
8,29,1.5,1,0.03333333333333333,24,29
8,30,3.5,1,0.03225806451612903,26,30
8,31,-0.5,1,0.03125,26,31
8,32,1.5,1,0.030303030303030304,27,32
8,33,-6.0,2,0.058823529411764705,27,32
8,34,1.5,2,0.05714285714285714,28,33
8,35,1.5,2,0.05555555555555555,29,34
8,36,3.5,2,0.05405405405405406,31,35
8,37,-4.0,3,0.07894736842105263,32,35
8,38,2.0,3,0.07692307692307693,33,36
8,39,-0.5,3,0.075,33,37
8,40,1.5,3,0.07317073170731707,34,38
8,41,2.0,3,0.07142857142857142,35,39
8,42,4.0,3,0.06976744186046512,37,40
8,43,1.5,3,0.06818181818181818,38,41
8,44,-0.5,3,0.06666666666666667,38,42
8,45,-0.5,3,0.06521739130434782,38,43
8,46,-1.0,3,0.06382978723404255,38,44
8,47,1.0,3,0.0625,39,45
8,48,5.5,3,0.061224489795918366,42,46
8,49,-6.0,4,0.08,42,46
9,0,0.5,0,0.0,0,1
9,1,2.5,0,0.0,1,2
9,2,0.0,0,0.0,1,3
9,3,-0.5,0,0.0,1,4
9,4,-0.5,0,0.0,1,5
9,5,2.0,0,0.0,2,6
9,6,1.5,0,0.0,3,7
9,7,-4.0,1,0.125,4,7
9,8,-0.5,1,0.1111111111111111,4,8
9,9,-0.5,1,0.1,4,9
9,10,1.5,1,0.09090909090909091,5,10
9,11,-1.0,1,0.08333333333333333,5,11
9,12,1.0,1,0.07692307692307693,6,12
9,13,-4.0,2,0.14285714285714285,7,12
9,14,1.0,2,0.13333333333333333,8,13
9,15,-1.5,2,0.125,8,14
9,16,3.0,2,0.11764705882352941,10,15
9,17,-1.5,2,0.1111111111111111,10,16
9,18,0.5,2,0.10526315789473684,11,17
9,19,-4.5,3,0.15,12,17
9,20,-6.5,4,0.19047619047619047,12,17
9,21,-6.5,5,0.22727272727272727,12,17
9,22,1.0,5,0.21739130434782608,13,18
9,23,-1.0,5,0.20833333333333334,13,19
9,24,-4.0,6,0.24,14,19
9,25,3.5,6,0.23076923076923078,16,20
9,26,-0.5,6,0.2222222222222222,16,21
9,27,1.0,6,0.21428571428571427,17,22
9,28,3.5,6,0.20689655172413793,19,23
9,29,-0.5,6,0.2,19,24
9,30,1.5,6,0.1935483870967742,20,25
9,31,1.5,6,0.1875,21,26
9,32,-4.0,7,0.21212121212121213,22,26
9,33,1.5,7,0.20588235294117646,23,27
9,34,-0.5,7,0.2,23,28
9,35,-1.0,7,0.19444444444444445,23,29
9,36,3.0,7,0.1891891891891892,25,30
9,37,-6.5,8,0.21052631578947367,25,30
9,38,-4.0,9,0.23076923076923078,26,30
9,39,-6.0,10,0.25,26,30
9,40,1.5,10,0.24390243902439024,27,31
9,41,-0.5,10,0.23809523809523808,27,32
9,42,-6.0,11,0.2558139534883721,27,32
9,43,1.0,11,0.25,28,33
9,44,-1.0,11,0.24444444444444444,28,34
9,45,1.0,11,0.2391304347826087,29,35
9,46,3.5,11,0.23404255319148937,31,36
9,47,-1.0,11,0.22916666666666666,31,37
9,48,1.0,11,0.22448979591836735,32,38
9,49,1.0,11,0.22,33,39
10,0,0.5,0,0.0,0,1
10,1,0.0,0,0.0,0,2
10,2,2.5,0,0.0,1,3
10,3,2.5,0,0.0,2,4
10,4,0.0,0,0.0,2,5
10,5,1.5,0,0.0,3,6
10,6,-0.5,0,0.0,3,7
10,7,1.5,0,0.0,4,8
10,8,1.5,0,0.0,5,9
10,9,1.5,0,0.0,6,10
10,10,-0.5,0,0.0,6,11
10,11,-4.0,1,0.08333333333333333,7,11
10,12,1.5,1,0.07692307692307693,8,12
10,13,3.5,1,0.07142857142857142,10,13
10,14,-0.5,1,0.06666666666666667,10,14
10,15,-1.0,1,0.0625,10,15
10,16,3.5,1,0.058823529411764705,12,16
10,17,-1.0,1,0.05555555555555555,12,17
10,18,-6.5,2,0.10526315789473684,12,17
10,19,1.0,2,0.1,13,18
10,20,3.5,2,0.09523809523809523,15,19
10,21,1.5,2,0.09090909090909091,16,20
10,22,-1.0,2,0.08695652173913043,16,21
10,23,-6.5,3,0.125,16,21
10,24,-1.5,3,0.12,16,22
10,25,3.0,3,0.11538461538461539,18,23
10,26,-6.5,4,0.14814814814814814,18,23
10,27,1.0,4,0.14285714285714285,19,24
10,28,-1.0,4,0.13793103448275862,19,25
10,29,-4.5,5,0.16666666666666666,20,25
10,30,1.5,5,0.16129032258064516,21,26
10,31,1.5,5,0.15625,22,27
10,32,1.0,5,0.15151515151515152,23,28
10,33,1.0,5,0.14705882352941177,24,29
10,34,3.5,5,0.14285714285714285,26,30
10,35,-1.0,5,0.1388888888888889,26,31
10,36,-4.0,6,0.16216216216216217,27,31
10,37,1.5,6,0.15789473684210525,28,32
10,38,1.5,6,0.15384615384615385,29,33
10,39,1.5,6,0.15,30,34
10,40,-1.0,6,0.14634146341463414,30,35
10,41,-1.5,6,0.14285714285714285,30,36
10,42,0.5,6,0.13953488372093023,31,37
10,43,0.5,6,0.13636363636363635,32,38
10,44,-1.5,6,0.13333333333333333,32,39
10,45,-7.0,7,0.15217391304347827,32,39
10,46,-4.5,8,0.1702127659574468,33,39
10,47,-4.5,9,0.1875,34,39
10,48,1.0,9,0.1836734693877551,35,40
10,49,-1.5,9,0.18,35,41
11,0,0.5,0,0.0,0,1
11,1,0.0,0,0.0,0,2
11,2,0.0,0,0.0,0,3
11,3,-0.5,0,0.0,0,4
11,4,1.5,0,0.0,1,5
11,5,-1.0,0,0.0,1,6
11,6,3.5,0,0.0,3,7
11,7,-0.5,0,0.0,3,8
11,8,1.5,0,0.0,4,9
11,9,-1.0,0,0.0,4,10
11,10,1.0,0,0.0,5,11
11,11,-6.5,1,0.08333333333333333,5,11
11,12,-2.0,2,0.15384615384615385,7,11
11,13,1.5,2,0.14285714285714285,8,12
11,14,1.5,2,0.13333333333333333,9,13
11,15,-0.5,2,0.125,9,14
11,16,3.5,2,0.11764705882352941,11,15
11,17,-1.0,2,0.1111111111111111,11,16
11,18,1.0,2,0.10526315789473684,12,17
11,19,1.0,2,0.1,13,18
11,20,-6.5,3,0.14285714285714285,13,18
11,21,1.0,3,0.13636363636363635,14,19
11,22,1.0,3,0.13043478260869565,15,20
11,23,-1.5,3,0.125,15,21
11,24,-7.0,4,0.16,15,21
11,25,0.5,4,0.15384615384615385,16,22
11,26,3.0,4,0.14814814814814814,18,23
11,27,-1.0,4,0.14285714285714285,18,24
11,28,3.5,4,0.13793103448275862,20,25
11,29,-1.0,4,0.13333333333333333,20,26
11,30,1.0,4,0.12903225806451613,21,27
11,31,3.5,4,0.125,23,28
11,32,1.5,4,0.12121212121212122,24,29
11,33,-1.0,4,0.11764705882352941,24,30
11,34,-4.5,5,0.14285714285714285,25,30
11,35,1.0,5,0.1388888888888889,26,31
11,36,1.0,5,0.13513513513513514,27,32
11,37,1.0,5,0.13157894736842105,28,33
11,38,-1.0,5,0.1282051282051282,28,34
11,39,0.5,5,0.125,29,35
11,40,0.5,5,0.12195121951219512,30,36
11,41,0.5,5,0.11904761904761904,31,37
11,42,-7.0,6,0.13953488372093023,31,37
11,43,-7.0,7,0.1590909090909091,31,37
11,44,0.5,7,0.15555555555555556,32,38
11,45,-7.0,8,0.17391304347826086,32,38
11,46,-4.5,9,0.19148936170212766,33,38
11,47,-1.5,9,0.1875,33,39
11,48,0.5,9,0.1836734693877551,34,40
11,49,-7.0,10,0.2,34,40
12,0,0.5,0,0.0,0,1
12,1,0.0,0,0.0,0,2
12,2,2.5,0,0.0,1,3
12,3,0.0,0,0.0,1,4
12,4,1.5,0,0.0,2,5
12,5,-0.5,0,0.0,2,6
12,6,1.5,0,0.0,3,7
12,7,-0.5,0,0.0,3,8
12,8,-6.0,1,0.1111111111111111,3,8
12,9,4.0,1,0.1,5,9
12,10,-0.5,1,0.09090909090909091,5,10
12,11,1.5,1,0.08333333333333333,6,11
12,12,-1.0,1,0.07692307692307693,6,12
12,13,5.5,1,0.07142857142857142,9,13
12,14,1.5,1,0.06666666666666667,10,14
12,15,1.5,1,0.0625,11,15
12,16,1.5,1,0.058823529411764705,12,16
12,17,-1.0,1,0.05555555555555555,12,17
12,18,1.0,1,0.05263157894736842,13,18
12,19,-1.5,1,0.05,13,19
12,20,0.5,1,0.047619047619047616,14,20
12,21,-7.0,2,0.09090909090909091,14,20
12,22,-7.0,3,0.13043478260869565,14,20
12,23,0.5,3,0.125,15,21
12,24,-7.0,4,0.16,15,21
12,25,0.5,4,0.15384615384615385,16,22
12,26,0.5,4,0.14814814814814814,17,23
12,27,0.5,4,0.14285714285714285,18,24
12,28,3.0,4,0.13793103448275862,20,25
12,29,-6.5,5,0.16666666666666666,20,25
12,30,-1.5,5,0.16129032258064516,20,26
12,31,0.5,5,0.15625,21,27
12,32,-1.5,5,0.15151515151515152,21,28
12,33,-4.5,6,0.17647058823529413,22,28
12,34,-1.5,6,0.17142857142857143,22,29
12,35,-2.5,7,0.19444444444444445,24,29
12,36,-1.5,7,0.1891891891891892,24,30
12,37,0.5,7,0.18421052631578946,25,31
12,38,-7.0,8,0.20512820512820512,25,31
12,39,0.5,8,0.2,26,32
12,40,0.5,8,0.1951219512195122,27,33
12,41,-1.5,8,0.19047619047619047,27,34
12,42,-2.5,9,0.20930232558139536,29,34
12,43,1.0,9,0.20454545454545456,30,35
12,44,1.0,9,0.2,31,36
12,45,1.0,9,0.1956521739130435,32,37
12,46,1.0,9,0.19148936170212766,33,38
12,47,1.0,9,0.1875,34,39
12,48,1.0,9,0.1836734693877551,35,40
12,49,1.0,9,0.18,36,41
13,0,0.5,0,0.0,0,1
13,1,0.0,0,0.0,0,2
13,2,0.0,0,0.0,0,3
13,3,0.0,0,0.0,0,4
13,4,1.5,0,0.0,1,5
13,5,3.5,0,0.0,3,6
13,6,-0.5,0,0.0,3,7
13,7,1.5,0,0.0,4,8
13,8,-1.0,0,0.0,4,9
13,9,-1.5,0,0.0,4,10
13,10,-7.0,1,0.09090909090909091,4,10
13,11,3.0,1,0.08333333333333333,6,11
13,12,1.0,1,0.07692307692307693,7,12
13,13,-1.0,1,0.07142857142857142,7,13
13,14,1.0,1,0.06666666666666667,8,14
13,15,1.0,1,0.0625,9,15
13,16,1.0,1,0.058823529411764705,10,16
13,17,-6.5,2,0.1111111111111111,10,16
13,18,-2.0,3,0.15789473684210525,12,16
13,19,-0.5,3,0.15,12,17
13,20,3.5,3,0.14285714285714285,14,18
13,21,1.5,3,0.13636363636363635,15,19
13,22,1.5,3,0.13043478260869565,16,20
13,23,1.5,3,0.125,17,21
13,24,-0.5,3,0.12,17,22
13,25,1.5,3,0.11538461538461539,18,23
13,26,-4.0,4,0.14814814814814814,19,23
13,27,1.5,4,0.14285714285714285,20,24
13,28,-0.5,4,0.13793103448275862,20,25
13,29,3.5,4,0.13333333333333333,22,26
13,30,1.5,4,0.12903225806451613,23,27
13,31,-1.0,4,0.125,23,28
13,32,1.0,4,0.12121212121212122,24,29
13,33,1.0,4,0.11764705882352941,25,30
13,34,1.0,4,0.11428571428571428,26,31
13,35,1.0,4,0.1111111111111111,27,32
13,36,-1.5,4,0.10810810810810811,27,33
13,37,-7.0,5,0.13157894736842105,27,33
13,38,0.5,5,0.1282051282051282,28,34
13,39,0.5,5,0.125,29,35
13,40,0.5,5,0.12195121951219512,30,36
13,41,-7.0,6,0.14285714285714285,30,36
13,42,-7.0,7,0.16279069767441862,30,36
13,43,3.0,7,0.1590909090909091,32,37
13,44,1.0,7,0.15555555555555556,33,38
13,45,-6.5,8,0.17391304347826086,33,38
13,46,-1.5,8,0.1702127659574468,33,39
13,47,-7.0,9,0.1875,33,39
13,48,0.5,9,0.1836734693877551,34,40
13,49,1.0,9,0.18,35,41
14,0,0.5,0,0.0,0,1
14,1,0.0,0,0.0,0,2
14,2,2.5,0,0.0,1,3
14,3,0.0,0,0.0,1,4
14,4,-0.5,0,0.0,1,5
14,5,1.5,0,0.0,2,6
14,6,-0.5,0,0.0,2,7
14,7,1.5,0,0.0,3,8
14,8,-6.0,1,0.1111111111111111,3,8
14,9,-4.0,2,0.2,4,8
14,10,1.5,2,0.18181818181818182,5,9
14,11,-0.5,2,0.16666666666666666,5,10
14,12,1.5,2,0.15384615384615385,6,11
14,13,-2.0,3,0.21428571428571427,8,11
14,14,-0.5,3,0.2,8,12
14,15,-0.5,3,0.1875,8,13
14,16,-1.0,3,0.17647058823529413,8,14
14,17,3.5,3,0.16666666666666666,10,15
14,18,-4.0,4,0.21052631578947367,11,15
14,19,-0.5,4,0.2,11,16
14,20,-1.0,4,0.19047619047619047,11,17
14,21,3.5,4,0.18181818181818182,13,18
14,22,1.5,4,0.17391304347826086,14,19
14,23,1.0,4,0.16666666666666666,15,20
14,24,1.0,4,0.16,16,21
14,25,1.0,4,0.15384615384615385,17,22
14,26,-1.0,4,0.14814814814814814,17,23
14,27,3.5,4,0.14285714285714285,19,24
14,28,1.0,4,0.13793103448275862,20,25
14,29,-1.0,4,0.13333333333333333,20,26
14,30,-6.5,5,0.16129032258064516,20,26
14,31,3.5,5,0.15625,22,27
14,32,1.0,5,0.15151515151515152,23,28
14,33,-1.5,5,0.14705882352941177,23,29
14,34,3.0,5,0.14285714285714285,25,30
14,35,-1.0,5,0.1388888888888889,25,31
14,36,-6.5,6,0.16216216216216217,25,31
14,37,3.5,6,0.15789473684210525,27,32
14,38,-6.0,7,0.1794871794871795,27,32
14,39,-6.0,8,0.2,27,32
14,40,1.0,8,0.1951219512195122,28,33
14,41,-1.5,8,0.19047619047619047,28,34
14,42,3.0,8,0.18604651162790697,30,35
14,43,1.0,8,0.18181818181818182,31,36
14,44,1.0,8,0.17777777777777778,32,37
14,45,-1.5,8,0.17391304347826086,32,38
14,46,3.0,8,0.1702127659574468,34,39
14,47,-1.5,8,0.16666666666666666,34,40
14,48,-7.0,9,0.1836734693877551,34,40
14,49,-1.5,9,0.18,34,41
15,0,0.5,0,0.0,0,1
15,1,0.5,0,0.0,0,2
15,2,0.0,0,0.0,0,3
15,3,2.0,0,0.0,1,4
15,4,2.0,0,0.0,2,5
15,5,-0.5,0,0.0,2,6
15,6,-1.0,0,0.0,2,7
15,7,1.5,0,0.0,3,8
15,8,1.5,0,0.0,4,9
15,9,-6.0,1,0.1,4,9
15,10,-1.0,1,0.09090909090909091,4,10
15,11,1.0,1,0.08333333333333333,5,11
15,12,-2.0,2,0.15384615384615385,7,11
15,13,-1.0,2,0.14285714285714285,7,12
15,14,-1.0,2,0.13333333333333333,7,13
15,15,1.0,2,0.125,8,14
15,16,-1.5,2,0.11764705882352941,8,15
15,17,3.0,2,0.1111111111111111,10,16
15,18,1.0,2,0.10526315789473684,11,17
15,19,-4.5,3,0.15,12,17
15,20,-1.5,3,0.14285714285714285,12,18
15,21,3.0,3,0.13636363636363635,14,19
15,22,-1.5,3,0.13043478260869565,14,20
15,23,-1.5,3,0.125,14,21
15,24,3.0,3,0.12,16,22
15,25,3.0,3,0.11538461538461539,18,23
15,26,1.5,3,0.1111111111111111,19,24
15,27,1.5,3,0.10714285714285714,20,25
15,28,1.5,3,0.10344827586206896,21,26
15,29,-1.0,3,0.1,21,27
15,30,3.0,3,0.0967741935483871,23,28
15,31,-1.5,3,0.09375,23,29
15,32,0.5,3,0.09090909090909091,24,30
15,33,-7.0,4,0.11764705882352941,24,30
15,34,-1.5,4,0.11428571428571428,24,31
15,35,3.0,4,0.1111111111111111,26,32
15,36,-1.5,4,0.10810810810810811,26,33
15,37,-5.0,5,0.13157894736842105,27,33
15,38,-1.5,5,0.1282051282051282,27,34
15,39,-2.0,5,0.125,27,35
15,40,2.5,5,0.12195121951219512,29,36
15,41,-2.0,6,0.14285714285714285,31,36
15,42,1.0,6,0.13953488372093023,32,37
15,43,1.0,6,0.13636363636363635,33,38
15,44,1.0,6,0.13333333333333333,34,39
15,45,1.0,6,0.13043478260869565,35,40
15,46,-1.0,6,0.1276595744680851,35,41
15,47,1.0,6,0.125,36,42
15,48,1.0,6,0.12244897959183673,37,43
15,49,-4.0,7,0.14,38,43
16,0,0.5,0,0.0,0,1
16,1,2.5,0,0.0,1,2
16,2,0.0,0,0.0,1,3
16,3,0.0,0,0.0,1,4
16,4,-0.5,0,0.0,1,5
16,5,-1.0,0,0.0,1,6
16,6,1.0,0,0.0,2,7
16,7,1.5,0,0.0,3,8
16,8,-1.0,0,0.0,3,9
16,9,3.5,0,0.0,5,10
16,10,1.0,0,0.0,6,11
16,11,1.5,0,0.0,7,12
16,12,1.5,0,0.0,8,13
16,13,3.5,0,0.0,10,14
16,14,1.5,0,0.0,11,15
16,15,-0.5,0,0.0,11,16
16,16,3.5,0,0.0,13,17
16,17,-0.5,0,0.0,13,18
16,18,-2.0,1,0.05263157894736842,15,18
16,19,-0.5,1,0.05,15,19
16,20,1.5,1,0.047619047619047616,16,20
16,21,1.5,1,0.045454545454545456,17,21
16,22,-0.5,1,0.043478260869565216,17,22
16,23,1.0,1,0.041666666666666664,18,23
16,24,3.5,1,0.04,20,24
16,25,-0.5,1,0.038461538461538464,20,25
16,26,-4.0,2,0.07407407407407407,21,25
16,27,-1.0,2,0.07142857142857142,21,26
16,28,-1.0,2,0.06896551724137931,21,27
16,29,1.0,2,0.06666666666666667,22,28
16,30,-4.0,3,0.0967741935483871,23,28
16,31,-6.0,4,0.125,23,28
16,32,-1.0,4,0.12121212121212122,23,29
16,33,1.0,4,0.11764705882352941,24,30
16,34,1.0,4,0.11428571428571428,25,31
16,35,3.0,4,0.1111111111111111,27,32
16,36,-1.0,4,0.10810810810810811,27,33
16,37,-4.0,5,0.13157894736842105,28,33
16,38,-1.0,5,0.1282051282051282,28,34
16,39,-6.5,6,0.15,28,34
16,40,1.0,6,0.14634146341463414,29,35
16,41,3.0,6,0.14285714285714285,31,36
16,42,-1.0,6,0.13953488372093023,31,37
16,43,-1.5,6,0.13636363636363635,31,38
16,44,3.0,6,0.13333333333333333,33,39
16,45,-4.0,7,0.15217391304347827,34,39
16,46,1.5,7,0.14893617021276595,35,40
16,47,3.5,7,0.14583333333333334,37,41
16,48,-6.0,8,0.16326530612244897,37,41
16,49,1.5,8,0.16,38,42
17,0,0.5,0,0.0,0,1
17,1,0.5,0,0.0,0,2
17,2,2.0,0,0.0,1,3
17,3,0.0,0,0.0,1,4
17,4,-0.5,0,0.0,1,5
17,5,1.5,0,0.0,2,6
17,6,1.5,0,0.0,3,7
17,7,2.0,0,0.0,4,8
17,8,2.0,0,0.0,5,9
17,9,1.5,0,0.0,6,10
17,10,-0.5,0,0.0,6,11
17,11,1.0,0,0.0,7,12
17,12,3.5,0,0.0,9,13
17,13,-0.5,0,0.0,9,14
17,14,-4.0,1,0.06666666666666667,10,14
17,15,-6.0,2,0.125,10,14
17,16,3.5,2,0.11764705882352941,12,15
17,17,-0.5,2,0.1111111111111111,12,16
17,18,-0.5,2,0.10526315789473684,12,17
17,19,1.5,2,0.1,13,18
17,20,1.0,2,0.09523809523809523,14,19
17,21,-1.0,2,0.09090909090909091,14,20
17,22,3.0,2,0.08695652173913043,16,21
17,23,1.0,2,0.08333333333333333,17,22
17,24,1.0,2,0.08,18,23
17,25,-1.5,2,0.07692307692307693,18,24
17,26,0.5,2,0.07407407407407407,19,25
17,27,-4.5,3,0.10714285714285714,20,25
17,28,-1.0,3,0.10344827586206896,20,26
17,29,-2.0,4,0.13333333333333333,22,26
17,30,-0.5,4,0.12903225806451613,22,27
17,31,1.5,4,0.125,23,28
17,32,1.5,4,0.12121212121212122,24,29
17,33,3.5,4,0.11764705882352941,26,30
17,34,-0.5,4,0.11428571428571428,26,31
17,35,1.5,4,0.1111111111111111,27,32
17,36,-1.0,4,0.10810810810810811,27,33
17,37,1.0,4,0.10526315789473684,28,34
17,38,-4.5,5,0.1282051282051282,29,34
17,39,-1.5,5,0.125,29,35
17,40,0.5,5,0.12195121951219512,30,36
17,41,0.5,5,0.11904761904761904,31,37
17,42,-1.5,5,0.11627906976744186,31,38
17,43,0.5,5,0.11363636363636363,32,39
17,44,3.0,5,0.1111111111111111,34,40
17,45,-6.5,6,0.13043478260869565,34,40
17,46,-4.5,7,0.14893617021276595,35,40
17,47,1.0,7,0.14583333333333334,36,41
17,48,-6.5,8,0.16326530612244897,36,41
17,49,1.0,8,0.16,37,42
18,0,0.5,0,0.0,0,1
18,1,0.0,0,0.0,0,2
18,2,0.0,0,0.0,0,3
18,3,4.0,0,0.0,2,4
18,4,2.5,0,0.0,3,5
18,5,0.0,0,0.0,3,6
18,6,2.0,0,0.0,4,7
18,7,-0.5,0,0.0,4,8
18,8,-0.5,0,0.0,4,9
18,9,1.5,0,0.0,5,10
18,10,1.5,0,0.0,6,11
18,11,1.5,0,0.0,7,12
18,12,4.0,0,0.0,9,13
18,13,1.5,0,0.0,10,14
18,14,-0.5,0,0.0,10,15
18,15,1.5,0,0.0,11,16
18,16,-6.0,1,0.058823529411764705,11,16
18,17,3.5,1,0.05555555555555555,13,17
18,18,-0.5,1,0.05263157894736842,13,18
18,19,1.5,1,0.05,14,19
18,20,-6.0,2,0.09523809523809523,14,19
18,21,1.5,2,0.09090909090909091,15,20
18,22,1.0,2,0.08695652173913043,16,21
18,23,1.0,2,0.08333333333333333,17,22
18,24,1.0,2,0.08,18,23
18,25,1.0,2,0.07692307692307693,19,24
18,26,1.0,2,0.07407407407407407,20,25
18,27,-1.0,2,0.07142857142857142,20,26
18,28,1.0,2,0.06896551724137931,21,27
18,29,1.0,2,0.06666666666666667,22,28
18,30,3.0,2,0.06451612903225806,24,29
18,31,1.0,2,0.0625,25,30
18,32,1.0,2,0.06060606060606061,26,31
18,33,-1.0,2,0.058823529411764705,26,32
18,34,-4.5,3,0.08571428571428572,27,32
18,35,1.0,3,0.08333333333333333,28,33
18,36,1.0,3,0.08108108108108109,29,34
18,37,-1.0,3,0.07894736842105263,29,35
18,38,-1.5,3,0.07692307692307693,29,36
18,39,3.0,3,0.075,31,37
18,40,-2.0,4,0.0975609756097561,33,37
18,41,-0.5,4,0.09523809523809523,33,38
18,42,-6.0,5,0.11627906976744186,33,38
18,43,1.5,5,0.11363636363636363,34,39
18,44,1.5,5,0.1111111111111111,35,40
18,45,-1.0,5,0.10869565217391304,35,41
18,46,-4.0,6,0.1276595744680851,36,41
18,47,1.5,6,0.125,37,42
18,48,3.5,6,0.12244897959183673,39,43
18,49,-0.5,6,0.12,39,44
19,0,0.5,0,0.0,0,1
19,1,0.0,0,0.0,0,2
19,2,0.0,0,0.0,0,3
19,3,0.0,0,0.0,0,4
19,4,1.5,0,0.0,1,5
19,5,1.5,0,0.0,2,6
19,6,1.5,0,0.0,3,7
19,7,-0.5,0,0.0,3,8
19,8,-1.0,0,0.0,3,9
19,9,3.0,0,0.0,5,10
19,10,-1.5,0,0.0,5,11
19,11,3.0,0,0.0,7,12
19,12,-1.5,0,0.0,7,13
19,13,-1.5,0,0.0,7,14
19,14,3.0,0,0.0,9,15
19,15,-1.5,0,0.0,9,16
19,16,-7.0,1,0.058823529411764705,9,16
19,17,-7.0,2,0.1111111111111111,9,16
19,18,5.0,2,0.10526315789473684,12,17
19,19,3.5,2,0.1,14,18
19,20,-1.0,2,0.09523809523809523,14,19
19,21,3.5,2,0.09090909090909091,16,20
19,22,1.5,2,0.08695652173913043,17,21
19,23,-1.0,2,0.08333333333333333,17,22
19,24,-1.0,2,0.08,17,23
19,25,1.0,2,0.07692307692307693,18,24
19,26,1.0,2,0.07407407407407407,19,25
19,27,3.5,2,0.07142857142857142,21,26
19,28,3.5,2,0.06896551724137931,23,27
19,29,1.5,2,0.06666666666666667,24,28
19,30,1.5,2,0.06451612903225806,25,29
19,31,-0.5,2,0.0625,25,30
19,32,-6.0,3,0.09090909090909091,25,30
19,33,-6.0,4,0.11764705882352941,25,30
19,34,3.5,4,0.11428571428571428,27,31
19,35,1.5,4,0.1111111111111111,28,32
19,36,-0.5,4,0.10810810810810811,28,33
19,37,1.5,4,0.10526315789473684,29,34
19,38,-1.0,4,0.10256410256410256,29,35
19,39,0.5,4,0.1,30,36
19,40,0.5,4,0.0975609756097561,31,37
19,41,1.0,4,0.09523809523809523,32,38
19,42,1.0,4,0.09302325581395349,33,39
19,43,-1.5,4,0.09090909090909091,33,40
19,44,0.5,4,0.08888888888888889,34,41
19,45,-4.5,5,0.10869565217391304,35,41
19,46,1.0,5,0.10638297872340426,36,42
19,47,3.0,5,0.10416666666666667,38,43
19,48,-1.0,5,0.10204081632653061,38,44
19,49,1.0,5,0.1,39,45
20,0,0.5,0,0.0,0,1
20,1,0.0,0,0.0,0,2
20,2,0.0,0,0.0,0,3
20,3,2.0,0,0.0,1,4
20,4,-0.5,0,0.0,1,5
20,5,-0.5,0,0.0,1,6
20,6,1.5,0,0.0,2,7
20,7,3.5,0,0.0,4,8
20,8,-6.0,1,0.1111111111111111,4,8
20,9,-0.5,1,0.1,4,9
20,10,-1.0,1,0.09090909090909091,4,10
20,11,1.0,1,0.08333333333333333,5,11
20,12,3.0,1,0.07692307692307693,7,12
20,13,-1.0,1,0.07142857142857142,7,13
20,14,-6.5,2,0.13333333333333333,7,13
20,15,3.5,2,0.125,9,14
20,16,-1.0,2,0.11764705882352941,9,15
20,17,-4.0,3,0.16666666666666666,10,15
20,18,-1.0,3,0.15789473684210525,10,16
20,19,1.0,3,0.15,11,17
20,20,-2.0,4,0.19047619047619047,13,17
20,21,-6.0,5,0.22727272727272727,13,17
20,22,-6.0,6,0.2608695652173913,13,17
20,23,-0.5,6,0.25,13,18
20,24,1.5,6,0.24,14,19
20,25,1.0,6,0.23076923076923078,15,20
20,26,3.5,6,0.2222222222222222,17,21
20,27,-0.5,6,0.21428571428571427,17,22
20,28,-6.0,7,0.2413793103448276,17,22
20,29,1.0,7,0.23333333333333334,18,23
20,30,3.5,7,0.22580645161290322,20,24
20,31,1.5,7,0.21875,21,25
20,32,-0.5,7,0.21212121212121213,21,26
20,33,-6.0,8,0.23529411764705882,21,26
20,34,1.5,8,0.22857142857142856,22,27
20,35,-1.0,8,0.2222222222222222,22,28
20,36,-4.0,9,0.24324324324324326,23,28
20,37,1.0,9,0.23684210526315788,24,29
20,38,1.0,9,0.23076923076923078,25,30
20,39,-1.5,9,0.225,25,31
20,40,3.0,9,0.21951219512195122,27,32
20,41,1.0,9,0.21428571428571427,28,33
20,42,-6.5,10,0.23255813953488372,28,33
20,43,-1.0,10,0.22727272727272727,28,34
20,44,-4.5,11,0.24444444444444444,29,34
20,45,3.5,11,0.2391304347826087,31,35
20,46,1.5,11,0.23404255319148937,32,36
20,47,1.5,11,0.22916666666666666,33,37
20,48,-0.5,11,0.22448979591836735,33,38
20,49,-4.0,12,0.24,34,38
21,0,0.5,0,0.0,0,1
21,1,0.0,0,0.0,0,2
21,2,0.0,0,0.0,0,3
21,3,2.0,0,0.0,1,4
21,4,-0.5,0,0.0,1,5
21,5,-1.0,0,0.0,1,6
21,6,1.0,0,0.0,2,7
21,7,-1.0,0,0.0,2,8
21,8,1.0,0,0.0,3,9
21,9,-1.5,0,0.0,3,10
21,10,-4.5,1,0.09090909090909091,4,10
21,11,3.5,1,0.08333333333333333,6,11
21,12,1.0,1,0.07692307692307693,7,12
21,13,1.0,1,0.07142857142857142,8,13
21,14,1.0,1,0.06666666666666667,9,14
21,15,-1.5,1,0.0625,9,15
21,16,0.5,1,0.058823529411764705,10,16
21,17,0.5,1,0.05555555555555555,11,17
21,18,0.5,1,0.05263157894736842,12,18
21,19,3.0,1,0.05,14,19
21,20,1.0,1,0.047619047619047616,15,20
21,21,-1.5,1,0.045454545454545456,15,21
21,22,-1.5,1,0.043478260869565216,15,22
21,23,5.0,1,0.041666666666666664,18,23
21,24,1.0,1,0.04,19,24
21,25,1.0,1,0.038461538461538464,20,25
21,26,1.0,1,0.037037037037037035,21,26
21,27,1.0,1,0.03571428571428571,22,27
21,28,-1.0,1,0.034482758620689655,22,28
21,29,1.0,1,0.03333333333333333,23,29
21,30,3.0,1,0.03225806451612903,25,30
21,31,-1.5,1,0.03125,25,31
21,32,3.0,1,0.030303030303030304,27,32
21,33,-1.5,1,0.029411764705882353,27,33
21,34,-1.5,1,0.02857142857142857,27,34
21,35,-7.0,2,0.05555555555555555,27,34
21,36,5.0,2,0.05405405405405406,30,35
21,37,-6.5,3,0.07894736842105263,30,35
21,38,-1.0,3,0.07692307692307693,30,36
21,39,-6.5,4,0.1,30,36
21,40,-1.5,4,0.0975609756097561,30,37
21,41,3.0,4,0.09523809523809523,32,38
21,42,-6.5,5,0.11627906976744186,32,38
21,43,5.5,5,0.11363636363636363,35,39
21,44,-1.0,5,0.1111111111111111,35,40
21,45,-6.5,6,0.13043478260869565,35,40
21,46,-1.0,6,0.1276595744680851,35,41
21,47,1.0,6,0.125,36,42
21,48,1.0,6,0.12244897959183673,37,43
21,49,-1.5,6,0.12,37,44
22,0,0.5,0,0.0,0,1
22,1,0.0,0,0.0,0,2
22,2,0.0,0,0.0,0,3
22,3,2.0,0,0.0,1,4
22,4,2.0,0,0.0,2,5
22,5,1.5,0,0.0,3,6
22,6,-0.5,0,0.0,3,7
22,7,-1.0,0,0.0,3,8
22,8,1.0,0,0.0,4,9
22,9,-1.5,0,0.0,4,10
22,10,-1.5,0,0.0,4,11
22,11,-4.5,1,0.08333333333333333,5,11
22,12,1.0,1,0.07692307692307693,6,12
22,13,-1.5,1,0.07142857142857142,6,13
22,14,-2.0,2,0.13333333333333333,8,13
22,15,1.5,2,0.125,9,14
22,16,-1.0,2,0.11764705882352941,9,15
22,17,-4.5,3,0.16666666666666666,10,15
22,18,1.5,3,0.15789473684210525,11,16
22,19,1.5,3,0.15,12,17
22,20,1.0,3,0.14285714285714285,13,18
22,21,1.0,3,0.13636363636363635,14,19
22,22,1.0,3,0.13043478260869565,15,20
22,23,1.0,3,0.125,16,21
22,24,-1.0,3,0.12,16,22
22,25,1.0,3,0.11538461538461539,17,23
22,26,-6.5,4,0.14814814814814814,17,23
22,27,-1.5,4,0.14285714285714285,17,24
22,28,5.0,4,0.13793103448275862,20,25
22,29,-4.0,5,0.16666666666666666,21,25
22,30,-1.0,5,0.16129032258064516,21,26
22,31,1.0,5,0.15625,22,27
22,32,-1.0,5,0.15151515151515152,22,28
22,33,-1.5,5,0.14705882352941177,22,29
22,34,5.5,5,0.14285714285714285,25,30
22,35,1.5,5,0.1388888888888889,26,31
22,36,-1.0,5,0.13513513513513514,26,32
22,37,-1.5,5,0.13157894736842105,26,33
22,38,3.0,5,0.1282051282051282,28,34
22,39,1.0,5,0.125,29,35
22,40,-4.0,6,0.14634146341463414,30,35
22,41,1.5,6,0.14285714285714285,31,36
22,42,1.5,6,0.13953488372093023,32,37
22,43,1.5,6,0.13636363636363635,33,38
22,44,1.0,6,0.13333333333333333,34,39
22,45,1.0,6,0.13043478260869565,35,40
22,46,3.5,6,0.1276595744680851,37,41
22,47,1.5,6,0.125,38,42
22,48,-0.5,6,0.12244897959183673,38,43
22,49,1.0,6,0.12,39,44
23,0,0.5,0,0.0,0,1
23,1,0.0,0,0.0,0,2
23,2,0.0,0,0.0,0,3
23,3,2.0,0,0.0,1,4
23,4,1.5,0,0.0,2,5
23,5,-0.5,0,0.0,2,6
23,6,-0.5,0,0.0,2,7
23,7,1.5,0,0.0,3,8
23,8,-1.0,0,0.0,3,9
23,9,3.0,0,0.0,5,10
23,10,1.5,0,0.0,6,11
23,11,1.5,0,0.0,7,12
23,12,1.0,0,0.0,8,13
23,13,-1.5,0,0.0,8,14
23,14,-7.0,1,0.06666666666666667,8,14
23,15,-4.5,2,0.125,9,14
23,16,1.0,2,0.11764705882352941,10,15
23,17,-1.0,2,0.1111111111111111,10,16
23,18,-4.5,3,0.15789473684210525,11,16
23,19,3.5,3,0.15,13,17
23,20,-0.5,3,0.14285714285714285,13,18
23,21,-1.0,3,0.13636363636363635,13,19
23,22,3.5,3,0.13043478260869565,15,20
23,23,-1.0,3,0.125,15,21
23,24,3.0,3,0.12,17,22
23,25,1.0,3,0.11538461538461539,18,23
23,26,1.5,3,0.1111111111111111,19,24
23,27,-1.0,3,0.10714285714285714,19,25
23,28,-6.5,4,0.13793103448275862,19,25
23,29,3.0,4,0.13333333333333333,21,26
23,30,1.0,4,0.12903225806451613,22,27
23,31,1.0,4,0.125,23,28
23,32,-1.0,4,0.12121212121212122,23,29
23,33,-1.5,4,0.11764705882352941,23,30
23,34,3.0,4,0.11428571428571428,25,31
23,35,-6.5,5,0.1388888888888889,25,31
23,36,-6.5,6,0.16216216216216217,25,31
23,37,-2.0,7,0.18421052631578946,27,31
23,38,-0.5,7,0.1794871794871795,27,32
23,39,3.5,7,0.175,29,33
23,40,-0.5,7,0.17073170731707318,29,34
23,41,1.0,7,0.16666666666666666,30,35
23,42,1.0,7,0.16279069767441862,31,36
23,43,-1.0,7,0.1590909090909091,31,37
23,44,-1.5,7,0.15555555555555556,31,38
23,45,5.0,7,0.15217391304347827,34,39
23,46,-1.0,7,0.14893617021276595,34,40
23,47,-6.5,8,0.16666666666666666,34,40
23,48,1.0,8,0.16326530612244897,35,41
23,49,3.0,8,0.16,37,42
24,0,0.5,0,0.0,0,1
24,1,2.5,0,0.0,1,2
24,2,2.5,0,0.0,2,3
24,3,0.0,0,0.0,2,4
24,4,0.0,0,0.0,2,5
24,5,4.5,0,0.0,4,6
24,6,2.0,0,0.0,5,7
24,7,0.0,0,0.0,5,8
24,8,-0.5,0,0.0,5,9
24,9,1.5,0,0.0,6,10
24,10,-0.5,0,0.0,6,11
24,11,1.5,0,0.0,7,12
24,12,-4.0,1,0.07692307692307693,8,12
24,13,1.5,1,0.07142857142857142,9,13
24,14,1.5,1,0.06666666666666667,10,14
24,15,-0.5,1,0.0625,10,15
24,16,-1.0,1,0.058823529411764705,10,16
24,17,3.5,1,0.05555555555555555,12,17
24,18,-1.0,1,0.05263157894736842,12,18
24,19,1.0,1,0.05,13,19
24,20,1.0,1,0.047619047619047616,14,20
24,21,-4.5,2,0.09090909090909091,15,20
24,22,-1.5,2,0.08695652173913043,15,21
24,23,0.5,2,0.08333333333333333,16,22
24,24,0.5,2,0.08,17,23
24,25,0.5,2,0.07692307692307693,18,24
24,26,-7.0,3,0.1111111111111111,18,24
24,27,-1.5,3,0.10714285714285714,18,25
24,28,-4.5,4,0.13793103448275862,19,25
24,29,5.5,4,0.13333333333333333,22,26
24,30,-0.5,4,0.12903225806451613,22,27
24,31,1.5,4,0.125,23,28
24,32,1.5,4,0.12121212121212122,24,29
24,33,1.0,4,0.11764705882352941,25,30
24,34,-6.5,5,0.14285714285714285,25,30
24,35,3.5,5,0.1388888888888889,27,31
24,36,3.5,5,0.13513513513513514,29,32
24,37,-0.5,5,0.13157894736842105,29,33
24,38,1.5,5,0.1282051282051282,30,34
24,39,-1.0,5,0.125,30,35
24,40,-1.0,5,0.12195121951219512,30,36
24,41,1.0,5,0.11904761904761904,31,37
24,42,3.0,5,0.11627906976744186,33,38
24,43,1.0,5,0.11363636363636363,34,39
24,44,3.5,5,0.1111111111111111,36,40
24,45,1.5,5,0.10869565217391304,37,41
24,46,1.5,5,0.10638297872340426,38,42
24,47,1.5,5,0.10416666666666667,39,43
24,48,-1.0,5,0.10204081632653061,39,44
24,49,-1.0,5,0.1,39,45
25,0,0.5,0,0.0,0,1
25,1,0.5,0,0.0,0,2
25,2,0.5,0,0.0,0,3
25,3,2.0,0,0.0,1,4
25,4,-0.5,0,0.0,1,5
25,5,1.5,0,0.0,2,6
25,6,-6.0,1,0.14285714285714285,2,6
25,7,3.5,1,0.125,4,7
25,8,-0.5,1,0.1111111111111111,4,8
25,9,3.5,1,0.1,6,9
25,10,-0.5,1,0.09090909090909091,6,10
25,11,-1.0,1,0.08333333333333333,6,11
25,12,3.5,1,0.07692307692307693,8,12
25,13,-0.5,1,0.07142857142857142,8,13
25,14,1.5,1,0.06666666666666667,9,14
25,15,-1.0,1,0.0625,9,15
25,16,3.0,1,0.058823529411764705,11,16
25,17,3.5,1,0.05555555555555555,13,17
25,18,1.5,1,0.05263157894736842,14,18
25,19,1.5,1,0.05,15,19
25,20,1.5,1,0.047619047619047616,16,20
25,21,-0.5,1,0.045454545454545456,16,21
25,22,1.5,1,0.043478260869565216,17,22
25,23,-1.0,1,0.041666666666666664,17,23
25,24,-6.5,2,0.08,17,23
25,25,3.0,2,0.07692307692307693,19,24
25,26,1.5,2,0.07407407407407407,20,25
25,27,6.0,2,0.07142857142857142,23,26
25,28,-0.5,2,0.06896551724137931,23,27
25,29,3.5,2,0.06666666666666667,25,28
25,30,-0.5,2,0.06451612903225806,25,29
25,31,1.5,2,0.0625,26,30
25,32,3.5,2,0.06060606060606061,28,31
25,33,-0.5,2,0.058823529411764705,28,32
25,34,-0.5,2,0.05714285714285714,28,33
25,35,-1.0,2,0.05555555555555555,28,34
25,36,1.0,2,0.05405405405405406,29,35
25,37,3.0,2,0.05263157894736842,31,36
25,38,-1.0,2,0.05128205128205128,31,37
25,39,-6.5,3,0.075,31,37
25,40,-1.5,3,0.07317073170731707,31,38
25,41,0.5,3,0.07142857142857142,32,39
25,42,-2.5,4,0.09302325581395349,34,39
25,43,1.0,4,0.09090909090909091,35,40
25,44,-1.5,4,0.08888888888888889,35,41
25,45,3.0,4,0.08695652173913043,37,42
25,46,-1.5,4,0.0851063829787234,37,43
25,47,-7.0,5,0.10416666666666667,37,43
25,48,-1.5,5,0.10204081632653061,37,44
25,49,-7.0,6,0.12,37,44
26,0,0.5,0,0.0,0,1
26,1,0.0,0,0.0,0,2
26,2,0.0,0,0.0,0,3
26,3,0.0,0,0.0,0,4
26,4,2.0,0,0.0,1,5
26,5,2.0,0,0.0,2,6
26,6,4.0,0,0.0,4,7
26,7,4.0,0,0.0,6,8
26,8,0.0,0,0.0,6,9
26,9,-0.5,0,0.0,6,10
26,10,4.0,0,0.0,8,11
26,11,1.5,0,0.0,9,12
26,12,-0.5,0,0.0,9,13
26,13,-0.5,0,0.0,9,14
26,14,-6.0,1,0.06666666666666667,9,14
26,15,1.5,1,0.0625,10,15
26,16,-1.0,1,0.058823529411764705,10,16
26,17,3.0,1,0.05555555555555555,12,17
26,18,1.0,1,0.05263157894736842,13,18
26,19,-1.0,1,0.05,13,19
26,20,1.0,1,0.047619047619047616,14,20
26,21,-1.5,1,0.045454545454545456,14,21
26,22,3.0,1,0.043478260869565216,16,22
26,23,1.0,1,0.041666666666666664,17,23
26,24,-6.5,2,0.08,17,23
26,25,-6.5,3,0.11538461538461539,17,23
26,26,-6.5,4,0.14814814814814814,17,23
26,27,3.0,4,0.14285714285714285,19,24
26,28,1.0,4,0.13793103448275862,20,25
26,29,-1.0,4,0.13333333333333333,20,26
26,30,-6.5,5,0.16129032258064516,20,26
26,31,-1.5,5,0.15625,20,27
26,32,3.0,5,0.15151515151515152,22,28
26,33,0.5,5,0.14705882352941177,23,29
26,34,0.5,5,0.14285714285714285,24,30
26,35,-1.5,5,0.1388888888888889,24,31
26,36,0.5,5,0.13513513513513514,25,32
26,37,-7.0,6,0.15789473684210525,25,32
26,38,0.5,6,0.15384615384615385,26,33
26,39,-5.0,7,0.175,27,33
26,40,0.5,7,0.17073170731707318,28,34
26,41,-7.0,8,0.19047619047619047,28,34
26,42,0.5,8,0.18604651162790697,29,35
26,43,0.5,8,0.18181818181818182,30,36
26,44,0.5,8,0.17777777777777778,31,37
26,45,-1.5,8,0.17391304347826086,31,38
26,46,3.0,8,0.1702127659574468,33,39
26,47,3.0,8,0.16666666666666666,35,40
26,48,-1.5,8,0.16326530612244897,35,41
26,49,-1.5,8,0.16,35,42
27,0,0.5,0,0.0,0,1
27,1,0.5,0,0.0,0,2
27,2,0.0,0,0.0,0,3
27,3,4.5,0,0.0,2,4
27,4,2.5,0,0.0,3,5
27,5,0.0,0,0.0,3,6
27,6,-0.5,0,0.0,3,7
27,7,-1.0,0,0.0,3,8
27,8,1.5,0,0.0,4,9
27,9,3.5,0,0.0,6,10
27,10,-1.0,0,0.0,6,11
27,11,-6.5,1,0.08333333333333333,6,11
27,12,-1.5,1,0.07692307692307693,6,12
27,13,0.5,1,0.07142857142857142,7,13
27,14,0.5,1,0.06666666666666667,8,14
27,15,-1.5,1,0.0625,8,15
27,16,-4.5,2,0.11764705882352941,9,15
27,17,-6.5,3,0.16666666666666666,9,15
27,18,3.0,3,0.15789473684210525,11,16
27,19,3.5,3,0.15,13,17
27,20,-0.5,3,0.14285714285714285,13,18
27,21,-1.0,3,0.13636363636363635,13,19
27,22,3.5,3,0.13043478260869565,15,20
27,23,-1.0,3,0.125,15,21
27,24,3.5,3,0.12,17,22
27,25,-1.0,3,0.11538461538461539,17,23
27,26,3.0,3,0.1111111111111111,19,24
27,27,-1.5,3,0.10714285714285714,19,25
27,28,-1.5,3,0.10344827586206896,19,26
27,29,5.5,3,0.1,22,27
27,30,-1.0,3,0.0967741935483871,22,28
27,31,-6.5,4,0.125,22,28
27,32,0.5,4,0.12121212121212122,23,29
27,33,-1.5,4,0.11764705882352941,23,30
27,34,3.0,4,0.11428571428571428,25,31
27,35,1.0,4,0.1111111111111111,26,32
27,36,-1.5,4,0.10810810810810811,26,33
27,37,-4.5,5,0.13157894736842105,27,33
27,38,1.0,5,0.1282051282051282,28,34
27,39,-6.5,6,0.15,28,34
27,40,1.0,6,0.14634146341463414,29,35
27,41,-4.0,7,0.16666666666666666,30,35
27,42,-1.0,7,0.16279069767441862,30,36
27,43,1.0,7,0.1590909090909091,31,37
27,44,-1.5,7,0.15555555555555556,31,38
27,45,0.5,7,0.15217391304347827,32,39
27,46,-2.0,8,0.1702127659574468,34,39
27,47,-6.0,9,0.1875,34,39
27,48,-1.0,9,0.1836734693877551,34,40
27,49,3.5,9,0.18,36,41
28,0,0.5,0,0.0,0,1
28,1,0.0,0,0.0,0,2
28,2,0.0,0,0.0,0,3
28,3,-0.5,0,0.0,0,4
28,4,3.5,0,0.0,2,5
28,5,2.0,0,0.0,3,6
28,6,2.0,0,0.0,4,7
28,7,2.0,0,0.0,5,8
28,8,-0.5,0,0.0,5,9
28,9,1.5,0,0.0,6,10
28,10,1.5,0,0.0,7,11
28,11,-0.5,0,0.0,7,12
28,12,-1.0,0,0.0,7,13
28,13,5.5,0,0.0,10,14
28,14,-0.5,0,0.0,10,15
28,15,-1.0,0,0.0,10,16
28,16,0.5,0,0.0,11,17
28,17,3.0,0,0.0,13,18
28,18,-1.0,0,0.0,13,19
28,19,1.0,0,0.0,14,20
28,20,-1.5,0,0.0,14,21
28,21,2.5,0,0.0,16,22
28,22,0.5,0,0.0,17,23
28,23,-7.0,1,0.041666666666666664,17,23
28,24,-4.5,2,0.08,18,23
28,25,1.0,2,0.07692307692307693,19,24
28,26,-6.5,3,0.1111111111111111,19,24
28,27,1.0,3,0.10714285714285714,20,25
28,28,-1.0,3,0.10344827586206896,20,26
28,29,1.0,3,0.1,21,27
28,30,3.5,3,0.0967741935483871,23,28
28,31,-1.0,3,0.09375,23,29
28,32,-6.5,4,0.12121212121212122,23,29
28,33,0.5,4,0.11764705882352941,24,30
28,34,3.0,4,0.11428571428571428,26,31
28,35,-1.0,4,0.1111111111111111,26,32
28,36,-6.5,5,0.13513513513513514,26,32
28,37,1.0,5,0.13157894736842105,27,33
28,38,3.0,5,0.1282051282051282,29,34
28,39,-1.5,5,0.125,29,35
28,40,-1.5,5,0.12195121951219512,29,36
28,41,-7.0,6,0.14285714285714285,29,36
28,42,3.0,6,0.13953488372093023,31,37
28,43,3.5,6,0.13636363636363635,33,38
28,44,-4.0,7,0.15555555555555556,34,38
28,45,-1.0,7,0.15217391304347827,34,39
28,46,1.0,7,0.14893617021276595,35,40
28,47,-1.5,7,0.14583333333333334,35,41
28,48,0.5,7,0.14285714285714285,36,42
28,49,0.5,7,0.14,37,43
29,0,0.5,0,0.0,0,1
29,1,0.0,0,0.0,0,2
29,2,0.0,0,0.0,0,3
29,3,2.0,0,0.0,1,4
29,4,1.5,0,0.0,2,5
29,5,2.0,0,0.0,3,6
29,6,-0.5,0,0.0,3,7
29,7,-0.5,0,0.0,3,8
29,8,6.0,0,0.0,6,9
29,9,0.0,0,0.0,6,10
29,10,-0.5,0,0.0,6,11
29,11,1.5,0,0.0,7,12
29,12,3.5,0,0.0,9,13
29,13,1.5,0,0.0,10,14
29,14,1.5,0,0.0,11,15
29,15,-1.0,0,0.0,11,16
29,16,1.0,0,0.0,12,17
29,17,-1.5,0,0.0,12,18
29,18,0.5,0,0.0,13,19
29,19,-7.0,1,0.05,13,19
29,20,0.5,1,0.047619047619047616,14,20
29,21,-1.5,1,0.045454545454545456,14,21
29,22,0.5,1,0.043478260869565216,15,22
29,23,-4.5,2,0.08333333333333333,16,22
29,24,-1.5,2,0.08,16,23
29,25,-5.0,3,0.11538461538461539,17,23
29,26,0.5,3,0.1111111111111111,18,24
29,27,3.0,3,0.10714285714285714,20,25
29,28,3.5,3,0.10344827586206896,22,26
29,29,1.5,3,0.1,23,27
29,30,-1.0,3,0.0967741935483871,23,28
29,31,-1.0,3,0.09375,23,29
29,32,-1.5,3,0.09090909090909091,23,30
29,33,3.0,3,0.08823529411764706,25,31
29,34,1.0,3,0.08571428571428572,26,32
29,35,0.5,3,0.08333333333333333,27,33
29,36,-1.5,3,0.08108108108108109,27,34
29,37,0.5,3,0.07894736842105263,28,35
29,38,5.0,3,0.07692307692307693,31,36
29,39,-1.0,3,0.075,31,37
29,40,-1.5,3,0.07317073170731707,31,38
29,41,0.5,3,0.07142857142857142,32,39
29,42,2.5,3,0.06976744186046512,34,40
29,43,-7.0,4,0.09090909090909091,34,40
29,44,-1.5,4,0.08888888888888889,34,41
29,45,-2.0,4,0.08695652173913043,34,42
29,46,2.5,4,0.0851063829787234,36,43
29,47,-4.5,5,0.10416666666666667,37,43
29,48,1.0,5,0.10204081632653061,38,44
29,49,-1.5,5,0.1,38,45
30,0,0.5,0,0.0,0,1
30,1,0.0,0,0.0,0,2
30,2,0.0,0,0.0,0,3
30,3,2.0,0,0.0,1,4
30,4,1.5,0,0.0,2,5
30,5,-0.5,0,0.0,2,6
30,6,3.5,0,0.0,4,7
30,7,-0.5,0,0.0,4,8
30,8,1.5,0,0.0,5,9
30,9,1.5,0,0.0,6,10
30,10,-0.5,0,0.0,6,11
30,11,1.5,0,0.0,7,12
30,12,1.5,0,0.0,8,13
30,13,-4.0,1,0.07142857142857142,9,13
30,14,-0.5,1,0.06666666666666667,9,14
30,15,1.5,1,0.0625,10,15
30,16,6.0,1,0.058823529411764705,13,16
30,17,-0.5,1,0.05555555555555555,13,17
30,18,1.5,1,0.05263157894736842,14,18
30,19,-0.5,1,0.05,14,19
30,20,1.5,1,0.047619047619047616,15,20
30,21,3.5,1,0.045454545454545456,17,21
30,22,-0.5,1,0.043478260869565216,17,22
30,23,1.0,1,0.041666666666666664,18,23
30,24,1.0,1,0.04,19,24
30,25,1.0,1,0.038461538461538464,20,25
30,26,-1.5,1,0.037037037037037035,20,26
30,27,3.0,1,0.03571428571428571,22,27
30,28,-1.0,1,0.034482758620689655,22,28
30,29,1.0,1,0.03333333333333333,23,29
30,30,-1.5,1,0.03225806451612903,23,30
30,31,0.5,1,0.03125,24,31
30,32,-5.0,2,0.06060606060606061,25,31
30,33,0.5,2,0.058823529411764705,26,32
30,34,-7.0,3,0.08571428571428572,26,32
30,35,-1.5,3,0.08333333333333333,26,33
30,36,2.5,3,0.08108108108108109,28,34
30,37,-1.5,3,0.07894736842105263,28,35
30,38,0.5,3,0.07692307692307693,29,36
30,39,-7.0,4,0.1,29,36
30,40,-7.0,5,0.12195121951219512,29,36
30,41,2.5,5,0.11904761904761904,31,37
30,42,-1.5,5,0.11627906976744186,31,38
30,43,0.5,5,0.11363636363636363,32,39
30,44,0.5,5,0.1111111111111111,33,40
30,45,2.5,5,0.10869565217391304,35,41
30,46,-1.5,5,0.10638297872340426,35,42
30,47,-2.0,5,0.10416666666666667,35,43
30,48,2.5,5,0.10204081632653061,37,44
30,49,-4.5,6,0.12,38,44
31,0,0.5,0,0.0,0,1
31,1,0.0,0,0.0,0,2
31,2,0.0,0,0.0,0,3
31,3,4.0,0,0.0,2,4
31,4,0.0,0,0.0,2,5
31,5,-0.5,0,0.0,2,6
31,6,1.5,0,0.0,3,7
31,7,1.5,0,0.0,4,8
31,8,-1.0,0,0.0,4,9
31,9,1.0,0,0.0,5,10
31,10,-1.0,0,0.0,5,11
31,11,-1.5,0,0.0,5,12
31,12,0.5,0,0.0,6,13
31,13,-4.5,1,0.07142857142857142,7,13
31,14,-6.5,2,0.13333333333333333,7,13
31,15,1.0,2,0.125,8,14
31,16,0.5,2,0.11764705882352941,9,15
31,17,0.5,2,0.1111111111111111,10,16
31,18,0.5,2,0.10526315789473684,11,17
31,19,-7.0,3,0.15,11,17
31,20,-1.5,3,0.14285714285714285,11,18
31,21,5.0,3,0.13636363636363635,14,19
31,22,-1.5,3,0.13043478260869565,14,20
31,23,-7.0,4,0.16666666666666666,14,20
31,24,-1.5,4,0.16,14,21
31,25,2.5,4,0.15384615384615385,16,22
31,26,0.5,4,0.14814814814814814,17,23
31,27,-1.5,4,0.14285714285714285,17,24
31,28,-5.0,5,0.1724137931034483,18,24
31,29,-4.5,6,0.2,19,24
31,30,-1.5,6,0.1935483870967742,19,25
31,31,0.5,6,0.1875,20,26
31,32,0.5,6,0.18181818181818182,21,27
31,33,0.5,6,0.17647058823529413,22,28
31,34,-4.5,7,0.2,23,28
31,35,-1.0,7,0.19444444444444445,23,29
31,36,-6.5,8,0.21621621621621623,23,29
31,37,-1.5,8,0.21052631578947367,23,30
31,38,3.0,8,0.20512820512820512,25,31
31,39,1.0,8,0.2,26,32
31,40,-6.5,9,0.21951219512195122,26,32
31,41,1.0,9,0.21428571428571427,27,33
31,42,1.0,9,0.20930232558139536,28,34
31,43,-1.5,9,0.20454545454545456,28,35
31,44,0.5,9,0.2,29,36
31,45,-4.5,10,0.21739130434782608,30,36
31,46,-1.5,10,0.2127659574468085,30,37
31,47,0.5,10,0.20833333333333334,31,38
31,48,-5.0,11,0.22448979591836735,32,38
31,49,0.5,11,0.22,33,39
32,0,0.5,0,0.0,0,1
32,1,0.0,0,0.0,0,2
32,2,0.0,0,0.0,0,3
32,3,2.0,0,0.0,1,4
32,4,1.5,0,0.0,2,5
32,5,-0.5,0,0.0,2,6
32,6,-1.0,0,0.0,2,7
32,7,-1.0,0,0.0,2,8
32,8,1.0,0,0.0,3,9
32,9,-6.5,1,0.1,3,9
32,10,3.5,1,0.09090909090909091,5,10
32,11,1.5,1,0.08333333333333333,6,11
32,12,5.5,1,0.07692307692307693,9,12
32,13,-0.5,1,0.07142857142857142,9,13
32,14,-0.5,1,0.06666666666666667,9,14
32,15,1.5,1,0.0625,10,15
32,16,1.0,1,0.058823529411764705,11,16
32,17,-1.5,1,0.05555555555555555,11,17
32,18,-1.5,1,0.05263157894736842,11,18
32,19,-4.5,2,0.1,12,18
32,20,1.0,2,0.09523809523809523,13,19
32,21,1.0,2,0.09090909090909091,14,20
32,22,1.0,2,0.08695652173913043,15,21
32,23,0.5,2,0.08333333333333333,16,22
32,24,0.5,2,0.08,17,23
32,25,0.5,2,0.07692307692307693,18,24
32,26,-1.5,2,0.07407407407407407,18,25
32,27,0.5,2,0.07142857142857142,19,26
32,28,3.0,2,0.06896551724137931,21,27
32,29,1.0,2,0.06666666666666667,22,28
32,30,-1.5,2,0.06451612903225806,22,29
32,31,2.5,2,0.0625,24,30
32,32,-7.0,3,0.09090909090909091,24,30
32,33,0.5,3,0.08823529411764706,25,31
32,34,0.5,3,0.08571428571428572,26,32
32,35,1.0,3,0.08333333333333333,27,33
32,36,-1.5,3,0.08108108108108109,27,34
32,37,3.0,3,0.07894736842105263,29,35
32,38,0.5,3,0.07692307692307693,30,36
32,39,0.5,3,0.075,31,37
32,40,0.5,3,0.07317073170731707,32,38
32,41,0.5,3,0.07142857142857142,33,39
32,42,0.5,3,0.06976744186046512,34,40
32,43,-7.0,4,0.09090909090909091,34,40
32,44,-1.5,4,0.08888888888888889,34,41
32,45,-4.5,5,0.10869565217391304,35,41
32,46,-6.5,6,0.1276595744680851,35,41
32,47,1.0,6,0.125,36,42
32,48,-1.5,6,0.12244897959183673,36,43
32,49,-5.0,7,0.14,37,43
33,0,0.5,0,0.0,0,1
33,1,0.0,0,0.0,0,2
33,2,2.5,0,0.0,1,3
33,3,2.0,0,0.0,2,4
33,4,0.0,0,0.0,2,5
33,5,-0.5,0,0.0,2,6
33,6,1.5,0,0.0,3,7
33,7,1.5,0,0.0,4,8
33,8,-0.5,0,0.0,4,9
33,9,1.5,0,0.0,5,10
33,10,1.5,0,0.0,6,11
33,11,1.0,0,0.0,7,12
33,12,-1.0,0,0.0,7,13
33,13,1.0,0,0.0,8,14
33,14,3.0,0,0.0,10,15
33,15,-1.5,0,0.0,10,16
33,16,-1.5,0,0.0,10,17
33,17,-7.0,1,0.05555555555555555,10,17
33,18,0.5,1,0.05263157894736842,11,18
33,19,2.5,1,0.05,13,19
33,20,-1.5,1,0.047619047619047616,13,20
33,21,3.0,1,0.045454545454545456,15,21
33,22,-1.5,1,0.043478260869565216,15,22
33,23,2.5,1,0.041666666666666664,17,23
33,24,-1.5,1,0.04,17,24
33,25,0.5,1,0.038461538461538464,18,25
33,26,-2.0,1,0.037037037037037035,18,26
33,27,-5.0,2,0.07142857142857142,19,26
33,28,-4.5,3,0.10344827586206896,20,26
33,29,1.0,3,0.1,21,27
33,30,0.5,3,0.0967741935483871,22,28
33,31,-1.5,3,0.09375,22,29
33,32,0.5,3,0.09090909090909091,23,30
33,33,0.5,3,0.08823529411764706,24,31
33,34,-7.0,4,0.11428571428571428,24,31
33,35,2.5,4,0.1111111111111111,26,32
33,36,-1.5,4,0.10810810810810811,26,33
33,37,3.0,4,0.10526315789473684,28,34
33,38,3.5,4,0.10256410256410256,30,35
33,39,-1.0,4,0.1,30,36
33,40,-4.0,5,0.12195121951219512,31,36
33,41,3.5,5,0.11904761904761904,33,37
33,42,-0.5,5,0.11627906976744186,33,38
33,43,1.5,5,0.11363636363636363,34,39
33,44,-6.0,6,0.13333333333333333,34,39
33,45,1.5,6,0.13043478260869565,35,40
33,46,1.5,6,0.1276595744680851,36,41
33,47,1.0,6,0.125,37,42
33,48,3.5,6,0.12244897959183673,39,43
33,49,-1.0,6,0.12,39,44
34,0,0.5,0,0.0,0,1
34,1,0.0,0,0.0,0,2
34,2,0.0,0,0.0,0,3
34,3,-0.5,0,0.0,0,4
34,4,1.5,0,0.0,1,5
34,5,1.5,0,0.0,2,6
34,6,1.5,0,0.0,3,7
34,7,-0.5,0,0.0,3,8
34,8,-4.0,1,0.1111111111111111,4,8
34,9,-1.0,1,0.1,4,9
34,10,3.5,1,0.09090909090909091,6,10
34,11,-0.5,1,0.08333333333333333,6,11
34,12,1.5,1,0.07692307692307693,7,12
34,13,3.5,1,0.07142857142857142,9,13
34,14,1.5,1,0.06666666666666667,10,14
34,15,1.5,1,0.0625,11,15
34,16,3.5,1,0.058823529411764705,13,16
34,17,-0.5,1,0.05555555555555555,13,17
34,18,-0.5,1,0.05263157894736842,13,18
34,19,1.5,1,0.05,14,19
34,20,1.0,1,0.047619047619047616,15,20
34,21,1.0,1,0.045454545454545456,16,21
34,22,3.5,1,0.043478260869565216,18,22
34,23,-1.0,1,0.041666666666666664,18,23
34,24,1.0,1,0.04,19,24
34,25,-1.0,1,0.038461538461538464,19,25
34,26,3.0,1,0.037037037037037035,21,26
34,27,1.0,1,0.03571428571428571,22,27
34,28,1.5,1,0.034482758620689655,23,28
34,29,-1.0,1,0.03333333333333333,23,29
34,30,3.0,1,0.03225806451612903,25,30
34,31,-1.5,1,0.03125,25,31
34,32,1.0,1,0.030303030303030304,26,32
34,33,1.0,1,0.029411764705882353,27,33
34,34,1.0,1,0.02857142857142857,28,34
34,35,-1.5,1,0.027777777777777776,28,35
34,36,-4.5,2,0.05405405405405406,29,35
34,37,1.0,2,0.05263157894736842,30,36
34,38,1.0,2,0.05128205128205128,31,37
34,39,3.0,2,0.05,33,38
34,40,1.5,2,0.04878048780487805,34,39
34,41,-1.0,2,0.047619047619047616,34,40
34,42,1.0,2,0.046511627906976744,35,41
34,43,3.5,2,0.045454545454545456,37,42
34,44,1.0,2,0.044444444444444446,38,43
34,45,1.0,2,0.043478260869565216,39,44
34,46,-1.5,2,0.0425531914893617,39,45
34,47,0.5,2,0.041666666666666664,40,46
34,48,0.5,2,0.04081632653061224,41,47
34,49,-1.5,2,0.04,41,48
35,0,0.5,0,0.0,0,1
35,1,0.5,0,0.0,0,2
35,2,0.5,0,0.0,0,3
35,3,2.0,0,0.0,1,4
35,4,1.5,0,0.0,2,5
35,5,2.0,0,0.0,3,6
35,6,1.5,0,0.0,4,7
35,7,-0.5,0,0.0,4,8
35,8,2.0,0,0.0,5,9
35,9,-0.5,0,0.0,5,10
35,10,3.5,0,0.0,7,11
35,11,-0.5,0,0.0,7,12
35,12,1.5,0,0.0,8,13
35,13,-4.0,1,0.07142857142857142,9,13
35,14,-1.0,1,0.06666666666666667,9,14
35,15,1.0,1,0.0625,10,15
35,16,-1.0,1,0.058823529411764705,10,16
35,17,1.0,1,0.05555555555555555,11,17
35,18,1.0,1,0.05263157894736842,12,18
35,19,1.0,1,0.05,13,19
35,20,-6.5,2,0.09523809523809523,13,19
35,21,3.0,2,0.09090909090909091,15,20
35,22,1.0,2,0.08695652173913043,16,21
35,23,-1.0,2,0.08333333333333333,16,22
35,24,1.0,2,0.08,17,23
35,25,-6.5,3,0.11538461538461539,17,23
35,26,-6.5,4,0.14814814814814814,17,23
35,27,3.0,4,0.14285714285714285,19,24
35,28,1.0,4,0.13793103448275862,20,25
35,29,1.0,4,0.13333333333333333,21,26
35,30,1.0,4,0.12903225806451613,22,27
35,31,-1.0,4,0.125,22,28
35,32,1.0,4,0.12121212121212122,23,29
35,33,1.0,4,0.11764705882352941,24,30
35,34,3.5,4,0.11428571428571428,26,31
35,35,3.5,4,0.1111111111111111,28,32
35,36,1.5,4,0.10810810810810811,29,33
35,37,-0.5,4,0.10526315789473684,29,34
35,38,3.5,4,0.10256410256410256,31,35
35,39,1.5,4,0.1,32,36
35,40,-0.5,4,0.0975609756097561,32,37
35,41,1.5,4,0.09523809523809523,33,38
35,42,-1.0,4,0.09302325581395349,33,39
35,43,3.5,4,0.09090909090909091,35,40
35,44,1.0,4,0.08888888888888889,36,41
35,45,-6.5,5,0.10869565217391304,36,41
35,46,1.0,5,0.10638297872340426,37,42
35,47,1.5,5,0.10416666666666667,38,43
35,48,1.5,5,0.10204081632653061,39,44
35,49,1.0,5,0.1,40,45
36,0,0.5,0,0.0,0,1
36,1,0.0,0,0.0,0,2
36,2,2.5,0,0.0,1,3
36,3,2.5,0,0.0,2,4
36,4,4.5,0,0.0,4,5
36,5,0.0,0,0.0,4,6
36,6,0.0,0,0.0,4,7
36,7,2.0,0,0.0,5,8
36,8,0.0,0,0.0,5,9
36,9,-0.5,0,0.0,5,10
36,10,1.5,0,0.0,6,11
36,11,1.5,0,0.0,7,12
36,12,1.5,0,0.0,8,13
36,13,1.0,0,0.0,9,14
36,14,3.5,0,0.0,11,15
36,15,-0.5,0,0.0,11,16
36,16,1.0,0,0.0,12,17
36,17,1.0,0,0.0,13,18
36,18,1.0,0,0.0,14,19
36,19,-1.0,0,0.0,14,20
36,20,1.0,0,0.0,15,21
36,21,1.0,0,0.0,16,22
36,22,0.5,0,0.0,17,23
36,23,0.5,0,0.0,18,24
36,24,0.5,0,0.0,19,25
36,25,0.5,0,0.0,20,26
36,26,-7.0,1,0.037037037037037035,20,26
36,27,0.5,1,0.03571428571428571,21,27
36,28,-1.5,1,0.034482758620689655,21,28
36,29,0.5,1,0.03333333333333333,22,29
36,30,-7.0,2,0.06451612903225806,22,29
36,31,3.0,2,0.0625,24,30
36,32,3.0,2,0.06060606060606061,26,31
36,33,-1.5,2,0.058823529411764705,26,32
36,34,0.5,2,0.05714285714285714,27,33
36,35,0.5,2,0.05555555555555555,28,34
36,36,-1.5,2,0.05405405405405406,28,35
36,37,-7.0,3,0.07894736842105263,28,35
36,38,-5.0,4,0.10256410256410256,29,35
36,39,3.0,4,0.1,31,36
36,40,1.0,4,0.0975609756097561,32,37
36,41,-1.5,4,0.09523809523809523,32,38
36,42,-1.5,4,0.09302325581395349,32,39
36,43,0.5,4,0.09090909090909091,33,40
36,44,-2.0,4,0.08888888888888889,33,41
36,45,-2.5,5,0.10869565217391304,35,41
36,46,1.0,5,0.10638297872340426,36,42
36,47,3.5,5,0.10416666666666667,38,43
36,48,1.0,5,0.10204081632653061,39,44
36,49,-1.5,5,0.1,39,45
37,0,0.5,0,0.0,0,1
37,1,0.5,0,0.0,0,2
37,2,0.0,0,0.0,0,3
37,3,2.0,0,0.0,1,4
37,4,2.0,0,0.0,2,5
37,5,2.0,0,0.0,3,6
37,6,0.0,0,0.0,3,7
37,7,2.0,0,0.0,4,8
37,8,-0.5,0,0.0,4,9
37,9,1.5,0,0.0,5,10
37,10,1.0,0,0.0,6,11
37,11,1.0,0,0.0,7,12
37,12,1.0,0,0.0,8,13
37,13,3.5,0,0.0,10,14
37,14,-0.5,0,0.0,10,15
37,15,-1.0,0,0.0,10,16
37,16,3.0,0,0.0,12,17
37,17,-1.0,0,0.0,12,18
37,18,3.0,0,0.0,14,19
37,19,-1.0,0,0.0,14,20
37,20,3.0,0,0.0,16,21
37,21,3.5,0,0.0,18,22
37,22,-6.0,1,0.043478260869565216,18,22
37,23,1.5,1,0.041666666666666664,19,23
37,24,-1.0,1,0.04,19,24
37,25,3.5,1,0.038461538461538464,21,25
37,26,-1.0,1,0.037037037037037035,21,26
37,27,-1.0,1,0.03571428571428571,21,27
37,28,1.0,1,0.034482758620689655,22,28
37,29,0.5,1,0.03333333333333333,23,29
37,30,0.5,1,0.03225806451612903,24,30
37,31,-1.5,1,0.03125,24,31
37,32,0.5,1,0.030303030303030304,25,32
37,33,0.5,1,0.029411764705882353,26,33
37,34,-7.0,2,0.05714285714285714,26,33
37,35,3.0,2,0.05555555555555555,28,34
37,36,1.0,2,0.05405405405405406,29,35
37,37,1.0,2,0.05263157894736842,30,36
37,38,-6.5,3,0.07692307692307693,30,36
37,39,1.0,3,0.075,31,37
37,40,0.5,3,0.07317073170731707,32,38
37,41,-1.5,3,0.07142857142857142,32,39
37,42,5.0,3,0.06976744186046512,35,40
37,43,-6.5,4,0.09090909090909091,35,40
37,44,-1.5,4,0.08888888888888889,35,41
37,45,3.0,4,0.08695652173913043,37,42
37,46,-1.0,4,0.0851063829787234,37,43
37,47,1.0,4,0.08333333333333333,38,44
37,48,-6.5,5,0.10204081632653061,38,44
37,49,1.0,5,0.1,39,45
38,0,0.5,0,0.0,0,1
38,1,0.0,0,0.0,0,2
38,2,-0.5,0,0.0,0,3
38,3,2.0,0,0.0,1,4
38,4,-0.5,0,0.0,1,5
38,5,-0.5,0,0.0,1,6
38,6,-6.0,1,0.14285714285714285,1,6
38,7,1.5,1,0.125,2,7
38,8,1.0,1,0.1111111111111111,3,8
38,9,3.5,1,0.1,5,9
38,10,-0.5,1,0.09090909090909091,5,10
38,11,1.5,1,0.08333333333333333,6,11
38,12,1.5,1,0.07692307692307693,7,12
38,13,3.5,1,0.07142857142857142,9,13
38,14,3.5,1,0.06666666666666667,11,14
38,15,-0.5,1,0.0625,11,15
38,16,-0.5,1,0.058823529411764705,11,16
38,17,1.0,1,0.05555555555555555,12,17
38,18,3.5,1,0.05263157894736842,14,18
38,19,1.5,1,0.05,15,19
38,20,-0.5,1,0.047619047619047616,15,20
38,21,-1.0,1,0.045454545454545456,15,21
38,22,1.0,1,0.043478260869565216,16,22
38,23,3.5,1,0.041666666666666664,18,23
38,24,-6.0,2,0.08,18,23
38,25,1.0,2,0.07692307692307693,19,24
38,26,1.0,2,0.07407407407407407,20,25
38,27,1.0,2,0.07142857142857142,21,26
38,28,1.0,2,0.06896551724137931,22,27
38,29,1.0,2,0.06666666666666667,23,28
38,30,1.0,2,0.06451612903225806,24,29
38,31,1.0,2,0.0625,25,30
38,32,1.0,2,0.06060606060606061,26,31
38,33,1.0,2,0.058823529411764705,27,32
38,34,3.5,2,0.05714285714285714,29,33
38,35,-0.5,2,0.05555555555555555,29,34
38,36,-6.0,3,0.08108108108108109,29,34
38,37,-1.0,3,0.07894736842105263,29,35
38,38,3.0,3,0.07692307692307693,31,36
38,39,1.0,3,0.075,32,37
38,40,-1.0,3,0.07317073170731707,32,38
38,41,3.0,3,0.07142857142857142,34,39
38,42,-1.0,3,0.06976744186046512,34,40
38,43,-1.5,3,0.06818181818181818,34,41
38,44,-4.5,4,0.08888888888888889,35,41
38,45,1.0,4,0.08695652173913043,36,42
38,46,1.0,4,0.0851063829787234,37,43
38,47,-1.5,4,0.08333333333333333,37,44
38,48,0.5,4,0.08163265306122448,38,45
38,49,5.0,4,0.08,41,46
39,0,0.5,0,0.0,0,1
39,1,0.0,0,0.0,0,2
39,2,2.5,0,0.0,1,3
39,3,2.5,0,0.0,2,4
39,4,0.0,0,0.0,2,5
39,5,2.0,0,0.0,3,6
39,6,-0.5,0,0.0,3,7
39,7,1.5,0,0.0,4,8
39,8,-1.0,0,0.0,4,9
39,9,3.5,0,0.0,6,10
39,10,-6.0,1,0.09090909090909091,6,10
39,11,-0.5,1,0.08333333333333333,6,11
39,12,-1.0,1,0.07692307692307693,6,12
39,13,1.0,1,0.07142857142857142,7,13
39,14,3.5,1,0.06666666666666667,9,14
39,15,-6.0,2,0.125,9,14
39,16,-1.0,2,0.11764705882352941,9,15
39,17,3.0,2,0.1111111111111111,11,16
39,18,-1.0,2,0.10526315789473684,11,17
39,19,1.0,2,0.1,12,18
39,20,-1.5,2,0.09523809523809523,12,19
39,21,0.5,2,0.09090909090909091,13,20
39,22,0.5,2,0.08695652173913043,14,21
39,23,3.0,2,0.08333333333333333,16,22
39,24,1.0,2,0.08,17,23
39,25,1.0,2,0.07692307692307693,18,24
39,26,3.5,2,0.07407407407407407,20,25
39,27,3.5,2,0.07142857142857142,22,26
39,28,-0.5,2,0.06896551724137931,22,27
39,29,-1.0,2,0.06666666666666667,22,28
39,30,3.5,2,0.06451612903225806,24,29
39,31,1.0,2,0.0625,25,30
39,32,-1.0,2,0.06060606060606061,25,31
39,33,1.0,2,0.058823529411764705,26,32
39,34,-1.5,2,0.05714285714285714,26,33
39,35,3.0,2,0.05555555555555555,28,34
39,36,1.0,2,0.05405405405405406,29,35
39,37,-1.5,2,0.05263157894736842,29,36
39,38,3.0,2,0.05128205128205128,31,37
39,39,-4.5,3,0.075,32,37
39,40,1.5,3,0.07317073170731707,33,38
39,41,-1.0,3,0.07142857142857142,33,39
39,42,3.0,3,0.06976744186046512,35,40
39,43,1.0,3,0.06818181818181818,36,41
39,44,1.0,3,0.06666666666666667,37,42
39,45,-1.0,3,0.06521739130434782,37,43
39,46,-6.5,4,0.0851063829787234,37,43
39,47,-6.5,5,0.10416666666666667,37,43
39,48,1.0,5,0.10204081632653061,38,44
39,49,-4.0,6,0.12,39,44
40,0,0.5,0,0.0,0,1
40,1,0.5,0,0.0,0,2
40,2,0.0,0,0.0,0,3
40,3,-0.5,0,0.0,0,4
40,4,1.5,0,0.0,1,5
40,5,1.5,0,0.0,2,6
40,6,-0.5,0,0.0,2,7
40,7,3.5,0,0.0,4,8
40,8,1.5,0,0.0,5,9
40,9,-0.5,0,0.0,5,10
40,10,-1.0,0,0.0,5,11
40,11,-1.5,0,0.0,5,12
40,12,2.5,0,0.0,7,13
40,13,0.5,0,0.0,8,14
40,14,-1.5,0,0.0,8,15
40,15,-7.0,1,0.0625,8,15
40,16,0.5,1,0.058823529411764705,9,16
40,17,2.5,1,0.05555555555555555,11,17
40,18,-1.5,1,0.05263157894736842,11,18
40,19,-2.0,1,0.05,11,19
40,20,-2.5,2,0.09523809523809523,13,19
40,21,1.0,2,0.09090909090909091,14,20
40,22,-1.5,2,0.08695652173913043,14,21
40,23,0.5,2,0.08333333333333333,15,22
40,24,5.5,2,0.08,18,23
40,25,-4.0,3,0.11538461538461539,19,23
40,26,-1.0,3,0.1111111111111111,19,24
40,27,-1.0,3,0.10714285714285714,19,25
40,28,3.5,3,0.10344827586206896,21,26
40,29,-1.0,3,0.1,21,27
40,30,5.5,3,0.0967741935483871,24,28
40,31,-0.5,3,0.09375,24,29
40,32,-1.0,3,0.09090909090909091,24,30
40,33,5.5,3,0.08823529411764706,27,31
40,34,-0.5,3,0.08571428571428572,27,32
40,35,-6.0,4,0.1111111111111111,27,32
40,36,3.5,4,0.10810810810810811,29,33
40,37,-0.5,4,0.10526315789473684,29,34
40,38,-1.0,4,0.10256410256410256,29,35
40,39,3.0,4,0.1,31,36
40,40,1.0,4,0.0975609756097561,32,37
40,41,-1.5,4,0.09523809523809523,32,38
40,42,-1.5,4,0.09302325581395349,32,39
40,43,0.5,4,0.09090909090909091,33,40
40,44,3.0,4,0.08888888888888889,35,41
40,45,3.0,4,0.08695652173913043,37,42
40,46,-1.0,4,0.0851063829787234,37,43
40,47,-1.5,4,0.08333333333333333,37,44
40,48,3.0,4,0.08163265306122448,39,45
40,49,1.0,4,0.08,40,46
41,0,0.5,0,0.0,0,1
41,1,0.0,0,0.0,0,2
41,2,2.5,0,0.0,1,3
41,3,0.0,0,0.0,1,4
41,4,2.0,0,0.0,2,5
41,5,1.5,0,0.0,3,6
41,6,-0.5,0,0.0,3,7
41,7,-0.5,0,0.0,3,8
41,8,1.0,0,0.0,4,9
41,9,1.0,0,0.0,5,10
41,10,-1.0,0,0.0,5,11
41,11,1.0,0,0.0,6,12
41,12,1.0,0,0.0,7,13
41,13,-1.5,0,0.0,7,14
41,14,2.5,0,0.0,9,15
41,15,-1.5,0,0.0,9,16
41,16,-4.5,1,0.058823529411764705,10,16
41,17,-1.5,1,0.05555555555555555,10,17
41,18,0.5,1,0.05263157894736842,11,18
41,19,2.5,1,0.05,13,19
41,20,1.0,1,0.047619047619047616,14,20
41,21,-6.5,2,0.09090909090909091,14,20
41,22,1.0,2,0.08695652173913043,15,21
41,23,1.0,2,0.08333333333333333,16,22
41,24,1.0,2,0.08,17,23
41,25,3.0,2,0.07692307692307693,19,24
41,26,3.5,2,0.07407407407407407,21,25
41,27,1.5,2,0.07142857142857142,22,26
41,28,-1.0,2,0.06896551724137931,22,27
41,29,1.0,2,0.06666666666666667,23,28
41,30,-1.0,2,0.06451612903225806,23,29
41,31,3.0,2,0.0625,25,30
41,32,1.0,2,0.06060606060606061,26,31
41,33,-6.5,3,0.08823529411764706,26,31
41,34,-1.0,3,0.08571428571428572,26,32
41,35,-1.5,3,0.08333333333333333,26,33
41,36,0.5,3,0.08108108108108109,27,34
41,37,-2.0,4,0.10526315789473684,29,34
41,38,-1.0,4,0.10256410256410256,29,35
41,39,-6.5,5,0.125,29,35
41,40,3.5,5,0.12195121951219512,31,36
41,41,6.0,5,0.11904761904761904,34,37
41,42,0.0,5,0.11627906976744186,34,38
41,43,-0.5,5,0.11363636363636363,34,39
41,44,-1.0,5,0.1111111111111111,34,40
41,45,1.0,5,0.10869565217391304,35,41
41,46,3.0,5,0.10638297872340426,37,42
41,47,1.0,5,0.10416666666666667,38,43
41,48,1.0,5,0.10204081632653061,39,44
41,49,-1.5,5,0.1,39,45
42,0,0.5,0,0.0,0,1
42,1,0.0,0,0.0,0,2
42,2,0.0,0,0.0,0,3
42,3,0.0,0,0.0,0,4
42,4,2.0,0,0.0,1,5
42,5,1.5,0,0.0,2,6
42,6,-0.5,0,0.0,2,7
42,7,-1.0,0,0.0,2,8
42,8,3.0,0,0.0,4,9
42,9,3.5,0,0.0,6,10
42,10,-1.0,0,0.0,6,11
42,11,-1.0,0,0.0,6,12
42,12,-6.5,1,0.07692307692307693,6,12
42,13,1.0,1,0.07142857142857142,7,13
42,14,1.0,1,0.06666666666666667,8,14
42,15,1.0,1,0.0625,9,15
42,16,3.0,1,0.058823529411764705,11,16
42,17,-1.5,1,0.05555555555555555,11,17
42,18,3.0,1,0.05263157894736842,13,18
42,19,-1.0,1,0.05,13,19
42,20,3.0,1,0.047619047619047616,15,20
42,21,-1.0,1,0.045454545454545456,15,21
42,22,0.5,1,0.043478260869565216,16,22
42,23,0.5,1,0.041666666666666664,17,23
42,24,-1.5,1,0.04,17,24
42,25,0.5,1,0.038461538461538464,18,25
42,26,-7.0,2,0.07407407407407407,18,25
42,27,0.5,2,0.07142857142857142,19,26
42,28,-5.0,3,0.10344827586206896,20,26
42,29,0.5,3,0.1,21,27
42,30,0.5,3,0.0967741935483871,22,28
42,31,0.5,3,0.09375,23,29
42,32,0.5,3,0.09090909090909091,24,30
42,33,-1.5,3,0.08823529411764706,24,31
42,34,0.5,3,0.08571428571428572,25,32
42,35,-7.0,4,0.1111111111111111,25,32
42,36,-2.5,5,0.13513513513513514,27,32
42,37,-1.5,5,0.13157894736842105,27,33
42,38,0.5,5,0.1282051282051282,28,34
42,39,0.5,5,0.125,29,35
42,40,-1.5,5,0.12195121951219512,29,36
42,41,0.5,5,0.11904761904761904,30,37
42,42,-7.0,6,0.13953488372093023,30,37
42,43,-7.0,7,0.1590909090909091,30,37
42,44,3.0,7,0.15555555555555556,32,38
42,45,-4.5,8,0.17391304347826086,33,38
42,46,1.0,8,0.1702127659574468,34,39
42,47,-1.5,8,0.16666666666666666,34,40
42,48,-1.5,8,0.16326530612244897,34,41
42,49,3.0,8,0.16,36,42
43,0,0.5,0,0.0,0,1
43,1,2.5,0,0.0,1,2
43,2,0.0,0,0.0,1,3
43,3,0.0,0,0.0,1,4
43,4,-0.5,0,0.0,1,5
43,5,1.5,0,0.0,2,6
43,6,1.5,0,0.0,3,7
43,7,-0.5,0,0.0,3,8
43,8,-6.0,1,0.1111111111111111,3,8
43,9,-1.0,1,0.1,3,9
43,10,6.0,1,0.09090909090909091,6,10
43,11,2.0,1,0.08333333333333333,7,11
43,12,1.5,1,0.07692307692307693,8,12
43,13,-1.0,1,0.07142857142857142,8,13
43,14,-1.5,1,0.06666666666666667,8,14
43,15,0.5,1,0.0625,9,15
43,16,0.5,1,0.058823529411764705,10,16
43,17,0.5,1,0.05555555555555555,11,17
43,18,-7.0,2,0.10526315789473684,11,17
43,19,-4.5,3,0.15,12,17
43,20,-1.0,3,0.14285714285714285,12,18
43,21,3.5,3,0.13636363636363635,14,19
43,22,1.5,3,0.13043478260869565,15,20
43,23,-6.0,4,0.16666666666666666,15,20
43,24,-1.0,4,0.16,15,21
43,25,-1.5,4,0.15384615384615385,15,22
43,26,3.0,4,0.14814814814814814,17,23
43,27,3.5,4,0.14285714285714285,19,24
43,28,-1.0,4,0.13793103448275862,19,25
43,29,-4.0,5,0.16666666666666666,20,25
43,30,-1.0,5,0.16129032258064516,20,26
43,31,3.5,5,0.15625,22,27
43,32,1.5,5,0.15151515151515152,23,28
43,33,3.5,5,0.14705882352941177,25,29
43,34,1.5,5,0.14285714285714285,26,30
43,35,-1.0,5,0.1388888888888889,26,31
43,36,-1.0,5,0.13513513513513514,26,32
43,37,1.0,5,0.13157894736842105,27,33
43,38,3.0,5,0.1282051282051282,29,34
43,39,1.0,5,0.125,30,35
43,40,-1.0,5,0.12195121951219512,30,36
43,41,-1.5,5,0.11904761904761904,30,37
43,42,-2.0,5,0.11627906976744186,30,38
43,43,2.5,5,0.11363636363636363,32,39
43,44,0.5,5,0.1111111111111111,33,40
43,45,-4.5,6,0.13043478260869565,34,40
43,46,-1.5,6,0.1276595744680851,34,41
43,47,-7.0,7,0.14583333333333334,34,41
43,48,2.5,7,0.14285714285714285,36,42
43,49,0.5,7,0.14,37,43
44,0,0.5,0,0.0,0,1
44,1,0.0,0,0.0,0,2
44,2,0.0,0,0.0,0,3
44,3,2.0,0,0.0,1,4
44,4,-0.5,0,0.0,1,5
44,5,-1.0,0,0.0,1,6
44,6,1.0,0,0.0,2,7
44,7,1.0,0,0.0,3,8
44,8,-1.5,0,0.0,3,9
44,9,1.0,0,0.0,4,10
44,10,1.0,0,0.0,5,11
44,11,-4.5,1,0.08333333333333333,6,11
44,12,1.0,1,0.07692307692307693,7,12
44,13,-1.0,1,0.07142857142857142,7,13
44,14,1.0,1,0.06666666666666667,8,14
44,15,1.0,1,0.0625,9,15
44,16,-1.5,1,0.058823529411764705,9,16
44,17,3.0,1,0.05555555555555555,11,17
44,18,1.0,1,0.05263157894736842,12,18
44,19,-1.5,1,0.05,12,19
44,20,3.0,1,0.047619047619047616,14,20
44,21,-6.5,2,0.09090909090909091,14,20
44,22,0.5,2,0.08695652173913043,15,21
44,23,0.5,2,0.08333333333333333,16,22
44,24,0.5,2,0.08,17,23
44,25,-1.5,2,0.07692307692307693,17,24
44,26,0.5,2,0.07407407407407407,18,25
44,27,0.5,2,0.07142857142857142,19,26
44,28,2.5,2,0.06896551724137931,21,27
44,29,-1.5,2,0.06666666666666667,21,28
44,30,-2.0,2,0.06451612903225806,21,29
44,31,-5.0,3,0.09375,22,29
44,32,3.0,3,0.09090909090909091,24,30
44,33,0.5,3,0.08823529411764706,25,31
44,34,-7.0,4,0.11428571428571428,25,31
44,35,3.0,4,0.1111111111111111,27,32
44,36,1.0,4,0.10810810810810811,28,33
44,37,1.0,4,0.10526315789473684,29,34
44,38,-1.0,4,0.10256410256410256,29,35
44,39,-1.5,4,0.1,29,36
44,40,3.0,4,0.0975609756097561,31,37
44,41,0.5,4,0.09523809523809523,32,38
44,42,0.5,4,0.09302325581395349,33,39
44,43,-1.5,4,0.09090909090909091,33,40
44,44,0.5,4,0.08888888888888889,34,41
44,45,0.5,4,0.08695652173913043,35,42
44,46,-7.0,5,0.10638297872340426,35,42
44,47,0.5,5,0.10416666666666667,36,43
44,48,2.5,5,0.10204081632653061,38,44
44,49,-7.0,6,0.12,38,44
45,0,0.5,0,0.0,0,1
45,1,0.0,0,0.0,0,2
45,2,2.5,0,0.0,1,3
45,3,4.5,0,0.0,3,4
45,4,0.0,0,0.0,3,5
45,5,0.0,0,0.0,3,6
45,6,-0.5,0,0.0,3,7
45,7,1.5,0,0.0,4,8
45,8,-0.5,0,0.0,4,9
45,9,3.5,0,0.0,6,10
45,10,1.5,0,0.0,7,11
45,11,1.5,0,0.0,8,12
45,12,-0.5,0,0.0,8,13
45,13,1.5,0,0.0,9,14
45,14,1.5,0,0.0,10,15
45,15,1.5,0,0.0,11,16
45,16,3.5,0,0.0,13,17
45,17,-0.5,0,0.0,13,18
45,18,-1.0,0,0.0,13,19
45,19,3.5,0,0.0,15,20
45,20,3.5,0,0.0,17,21
45,21,-0.5,0,0.0,17,22
45,22,-1.0,0,0.0,17,23
45,23,3.0,0,0.0,19,24
45,24,-1.0,0,0.0,19,25
45,25,1.0,0,0.0,20,26
45,26,3.0,0,0.0,22,27
45,27,1.0,0,0.0,23,28
45,28,1.0,0,0.0,24,29
45,29,-1.5,0,0.0,24,30
45,30,3.0,0,0.0,26,31
45,31,1.0,0,0.0,27,32
45,32,-1.0,0,0.0,27,33
45,33,-4.5,1,0.029411764705882353,28,33
45,34,1.0,1,0.02857142857142857,29,34
45,35,1.0,1,0.027777777777777776,30,35
45,36,-6.5,2,0.05405405405405406,30,35
45,37,1.0,2,0.05263157894736842,31,36
45,38,1.0,2,0.05128205128205128,32,37
45,39,-1.0,2,0.05,32,38
45,40,-1.5,2,0.04878048780487805,32,39
45,41,-4.5,3,0.07142857142857142,33,39
45,42,3.5,3,0.06976744186046512,35,40
45,43,1.5,3,0.06818181818181818,36,41
45,44,-4.0,4,0.08888888888888889,37,41
45,45,-0.5,4,0.08695652173913043,37,42
45,46,3.5,4,0.0851063829787234,39,43
45,47,-0.5,4,0.08333333333333333,39,44
45,48,-6.0,5,0.10204081632653061,39,44
45,49,-1.0,5,0.1,39,45
46,0,0.5,0,0.0,0,1
46,1,0.0,0,0.0,0,2
46,2,0.0,0,0.0,0,3
46,3,2.0,0,0.0,1,4
46,4,0.0,0,0.0,1,5
46,5,2.0,0,0.0,2,6
46,6,3.5,0,0.0,4,7
46,7,-0.5,0,0.0,4,8
46,8,2.0,0,0.0,5,9
46,9,2.0,0,0.0,6,10
46,10,1.5,0,0.0,7,11
46,11,-0.5,0,0.0,7,12
46,12,1.5,0,0.0,8,13
46,13,1.5,0,0.0,9,14
46,14,1.5,0,0.0,10,15
46,15,-1.0,0,0.0,10,16
46,16,3.0,0,0.0,12,17
46,17,1.0,0,0.0,13,18
46,18,-1.0,0,0.0,13,19
46,19,0.5,0,0.0,14,20
46,20,3.0,0,0.0,16,21
46,21,-1.0,0,0.0,16,22
46,22,-6.5,1,0.043478260869565216,16,22
46,23,-1.5,1,0.041666666666666664,16,23
46,24,0.5,1,0.04,17,24
46,25,2.5,1,0.038461538461538464,19,25
46,26,3.0,1,0.037037037037037035,21,26
46,27,-1.0,1,0.03571428571428571,21,27
46,28,3.5,1,0.034482758620689655,23,28
46,29,3.5,1,0.03333333333333333,25,29
46,30,-0.5,1,0.03225806451612903,25,30
46,31,1.5,1,0.03125,26,31
46,32,-4.0,2,0.06060606060606061,27,31
46,33,1.5,2,0.058823529411764705,28,32
46,34,-0.5,2,0.05714285714285714,28,33
46,35,3.5,2,0.05555555555555555,30,34
46,36,-6.0,3,0.08108108108108109,30,34
46,37,-0.5,3,0.07894736842105263,30,35
46,38,1.0,3,0.07692307692307693,31,36
46,39,3.5,3,0.075,33,37
46,40,1.5,3,0.07317073170731707,34,38
46,41,1.5,3,0.07142857142857142,35,39
46,42,1.5,3,0.06976744186046512,36,40
46,43,-0.5,3,0.06818181818181818,36,41
46,44,1.5,3,0.06666666666666667,37,42
46,45,1.5,3,0.06521739130434782,38,43
46,46,-1.0,3,0.06382978723404255,38,44
46,47,0.5,3,0.0625,39,45
46,48,-1.5,3,0.061224489795918366,39,46
46,49,3.0,3,0.06,41,47
47,0,0.5,0,0.0,0,1
47,1,0.0,0,0.0,0,2
47,2,2.5,0,0.0,1,3
47,3,0.0,0,0.0,1,4
47,4,4.0,0,0.0,3,5
47,5,0.0,0,0.0,3,6
47,6,0.0,0,0.0,3,7
47,7,-0.5,0,0.0,3,8
47,8,1.5,0,0.0,4,9
47,9,1.0,0,0.0,5,10
47,10,1.0,0,0.0,6,11
47,11,1.0,0,0.0,7,12
47,12,-1.0,0,0.0,7,13
47,13,1.0,0,0.0,8,14
47,14,1.0,0,0.0,9,15
47,15,-1.5,0,0.0,9,16
47,16,0.5,0,0.0,10,17
47,17,0.5,0,0.0,11,18
47,18,-7.0,1,0.05263157894736842,11,18
47,19,-5.0,2,0.1,12,18
47,20,-1.5,2,0.09523809523809523,12,19
47,21,5.0,2,0.09090909090909091,15,20
47,22,1.0,2,0.08695652173913043,16,21
47,23,1.5,2,0.08333333333333333,17,22
47,24,1.0,2,0.08,18,23
47,25,-1.0,2,0.07692307692307693,18,24
47,26,-1.5,2,0.07407407407407407,18,25
47,27,3.0,2,0.07142857142857142,20,26
47,28,1.0,2,0.06896551724137931,21,27
47,29,-1.5,2,0.06666666666666667,21,28
47,30,3.0,2,0.06451612903225806,23,29
47,31,-1.5,2,0.0625,23,30
47,32,2.5,2,0.06060606060606061,25,31
47,33,-1.5,2,0.058823529411764705,25,32
47,34,-7.0,3,0.08571428571428572,25,32
47,35,0.5,3,0.08333333333333333,26,33
47,36,-2.0,3,0.08108108108108109,26,34
47,37,5.0,3,0.07894736842105263,29,35
47,38,-6.5,4,0.10256410256410256,29,35
47,39,-6.5,5,0.125,29,35
47,40,1.0,5,0.12195121951219512,30,36
47,41,-1.5,5,0.11904761904761904,30,37
47,42,5.5,5,0.11627906976744186,33,38
47,43,-1.0,5,0.11363636363636363,33,39
47,44,-1.5,5,0.1111111111111111,33,40
47,45,-7.0,6,0.13043478260869565,33,40
47,46,3.0,6,0.1276595744680851,35,41
47,47,3.5,6,0.125,37,42
47,48,-6.0,7,0.14285714285714285,37,42
47,49,-1.0,7,0.14,37,43
48,0,0.5,0,0.0,0,1
48,1,0.0,0,0.0,0,2
48,2,0.0,0,0.0,0,3
48,3,1.5,0,0.0,1,4
48,4,2.0,0,0.0,2,5
48,5,0.0,0,0.0,2,6
48,6,1.5,0,0.0,3,7
48,7,3.5,0,0.0,5,8
48,8,-0.5,0,0.0,5,9
48,9,1.5,0,0.0,6,10
48,10,1.5,0,0.0,7,11
48,11,1.5,0,0.0,8,12
48,12,-0.5,0,0.0,8,13
48,13,3.5,0,0.0,10,14
48,14,1.5,0,0.0,11,15
48,15,1.5,0,0.0,12,16
48,16,1.5,0,0.0,13,17
48,17,-1.0,0,0.0,13,18
48,18,1.0,0,0.0,14,19
48,19,-1.0,0,0.0,14,20
48,20,1.0,0,0.0,15,21
48,21,3.5,0,0.0,17,22
48,22,-1.0,0,0.0,17,23
48,23,-2.0,1,0.041666666666666664,19,23
48,24,-0.5,1,0.04,19,24
48,25,1.0,1,0.038461538461538464,20,25
48,26,1.0,1,0.037037037037037035,21,26
48,27,-1.0,1,0.03571428571428571,21,27
48,28,1.0,1,0.034482758620689655,22,28
48,29,1.0,1,0.03333333333333333,23,29
48,30,-1.5,1,0.03225806451612903,23,30
48,31,0.5,1,0.03125,24,31
48,32,0.5,1,0.030303030303030304,25,32
48,33,5.5,1,0.029411764705882353,28,33
48,34,1.5,1,0.02857142857142857,29,34
48,35,-6.0,2,0.05555555555555555,29,34
48,36,1.0,2,0.05405405405405406,30,35
48,37,1.0,2,0.05263157894736842,31,36
48,38,-1.0,2,0.05128205128205128,31,37
48,39,1.0,2,0.05,32,38
48,40,-4.5,3,0.07317073170731707,33,38
48,41,-1.5,3,0.07142857142857142,33,39
48,42,0.5,3,0.06976744186046512,34,40
48,43,-1.5,3,0.06818181818181818,34,41
48,44,3.0,3,0.06666666666666667,36,42
48,45,1.0,3,0.06521739130434782,37,43
48,46,1.0,3,0.06382978723404255,38,44
48,47,-1.5,3,0.0625,38,45
48,48,2.5,3,0.061224489795918366,40,46
48,49,-1.5,3,0.06,40,47
49,0,0.5,0,0.0,0,1
49,1,0.0,0,0.0,0,2
49,2,0.0,0,0.0,0,3
49,3,2.0,0,0.0,1,4
49,4,-0.5,0,0.0,1,5
49,5,3.5,0,0.0,3,6
49,6,-0.5,0,0.0,3,7
49,7,1.5,0,0.0,4,8
49,8,1.5,0,0.0,5,9
49,9,1.5,0,0.0,6,10
49,10,4.5,0,0.0,8,11
49,11,0.0,0,0.0,8,12
49,12,4.0,0,0.0,10,13
49,13,2.0,0,0.0,11,14
49,14,2.0,0,0.0,12,15
49,15,2.0,0,0.0,13,16
49,16,1.5,0,0.0,14,17
49,17,-0.5,0,0.0,14,18
49,18,1.5,0,0.0,15,19
49,19,1.5,0,0.0,16,20
49,20,1.5,0,0.0,17,21
49,21,-1.0,0,0.0,17,22
49,22,-6.5,1,0.043478260869565216,17,22
49,23,1.0,1,0.041666666666666664,18,23
49,24,1.0,1,0.04,19,24
49,25,-1.0,1,0.038461538461538464,19,25
49,26,0.5,1,0.037037037037037035,20,26
49,27,-1.5,1,0.03571428571428571,20,27
49,28,3.0,1,0.034482758620689655,22,28
49,29,1.0,1,0.03333333333333333,23,29
49,30,-1.5,1,0.03225806451612903,23,30
49,31,0.5,1,0.03125,24,31
49,32,0.5,1,0.030303030303030304,25,32
49,33,3.0,1,0.029411764705882353,27,33
49,34,-1.5,1,0.02857142857142857,27,34
49,35,-4.5,2,0.05555555555555555,28,34
49,36,-1.5,2,0.05405405405405406,28,35
49,37,-4.5,3,0.07894736842105263,29,35
49,38,3.5,3,0.07692307692307693,31,36
49,39,-1.0,3,0.075,31,37
49,40,1.0,3,0.07317073170731707,32,38
49,41,1.0,3,0.07142857142857142,33,39
49,42,-1.5,3,0.06976744186046512,33,40
49,43,-4.5,4,0.09090909090909091,34,40
49,44,1.0,4,0.08888888888888889,35,41
49,45,-4.0,5,0.10869565217391304,36,41
49,46,1.5,5,0.10638297872340426,37,42
49,47,1.5,5,0.10416666666666667,38,43
49,48,1.0,5,0.10204081632653061,39,44
49,49,1.0,5,0.1,40,45
50,0,0.5,0,0.0,0,1
50,1,2.5,0,0.0,1,2
50,2,0.5,0,0.0,1,3
50,3,0.0,0,0.0,1,4
50,4,2.0,0,0.0,2,5
50,5,-0.5,0,0.0,2,6
50,6,1.5,0,0.0,3,7
50,7,-0.5,0,0.0,3,8
50,8,-1.0,0,0.0,3,9
50,9,3.0,0,0.0,5,10
50,10,1.0,0,0.0,6,11
50,11,-1.0,0,0.0,6,12
50,12,1.0,0,0.0,7,13
50,13,1.0,0,0.0,8,14
50,14,-1.5,0,0.0,8,15
50,15,0.5,0,0.0,9,16
50,16,3.0,0,0.0,11,17
50,17,1.0,0,0.0,12,18
50,18,0.5,0,0.0,13,19
50,19,-1.5,0,0.0,13,20
50,20,3.0,0,0.0,15,21
50,21,-1.5,0,0.0,15,22
50,22,-2.0,0,0.0,15,23
50,23,-7.5,1,0.041666666666666664,15,23
50,24,5.0,1,0.04,18,24
50,25,1.0,1,0.038461538461538464,19,25
50,26,1.0,1,0.037037037037037035,20,26
50,27,-1.5,1,0.03571428571428571,20,27
50,28,-5.0,2,0.06896551724137931,21,27
50,29,0.5,2,0.06666666666666667,22,28
50,30,-7.0,3,0.0967741935483871,22,28
50,31,0.5,3,0.09375,23,29
50,32,-1.5,3,0.09090909090909091,23,30
50,33,3.0,3,0.08823529411764706,25,31
50,34,-1.5,3,0.08571428571428572,25,32
50,35,3.0,3,0.08333333333333333,27,33
50,36,1.0,3,0.08108108108108109,28,34
50,37,-1.5,3,0.07894736842105263,28,35
50,38,-7.0,4,0.10256410256410256,28,35
50,39,3.0,4,0.1,30,36
50,40,5.5,4,0.0975609756097561,33,37
50,41,-0.5,4,0.09523809523809523,33,38
50,42,3.5,4,0.09302325581395349,35,39
50,43,1.5,4,0.09090909090909091,36,40
50,44,-0.5,4,0.08888888888888889,36,41
50,45,1.5,4,0.08695652173913043,37,42
50,46,-1.0,4,0.0851063829787234,37,43
50,47,1.0,4,0.08333333333333333,38,44
50,48,-1.5,4,0.08163265306122448,38,45
50,49,0.5,4,0.08,39,46
51,0,0.5,0,0.0,0,1
51,1,0.0,0,0.0,0,2
51,2,0.0,0,0.0,0,3
51,3,2.0,0,0.0,1,4
51,4,4.0,0,0.0,3,5
51,5,0.0,0,0.0,3,6
51,6,2.0,0,0.0,4,7
51,7,2.0,0,0.0,5,8
51,8,-0.5,0,0.0,5,9
51,9,1.5,0,0.0,6,10
51,10,-0.5,0,0.0,6,11
51,11,1.5,0,0.0,7,12
51,12,3.5,0,0.0,9,13
51,13,-1.0,0,0.0,9,14
51,14,1.0,0,0.0,10,15
51,15,-6.5,1,0.0625,10,15
51,16,1.0,1,0.058823529411764705,11,16
51,17,-1.0,1,0.05555555555555555,11,17
51,18,1.0,1,0.05263157894736842,12,18
51,19,1.0,1,0.05,13,19
51,20,1.0,1,0.047619047619047616,14,20
51,21,1.0,1,0.045454545454545456,15,21
51,22,-1.5,1,0.043478260869565216,15,22
51,23,3.0,1,0.041666666666666664,17,23
51,24,-1.5,1,0.04,17,24
51,25,-7.0,2,0.07692307692307693,17,24
51,26,3.0,2,0.07407407407407407,19,25
51,27,1.0,2,0.07142857142857142,20,26
51,28,1.0,2,0.06896551724137931,21,27
51,29,1.0,2,0.06666666666666667,22,28
51,30,1.0,2,0.06451612903225806,23,29
51,31,1.0,2,0.0625,24,30
51,32,0.5,2,0.06060606060606061,25,31
51,33,0.5,2,0.058823529411764705,26,32
51,34,0.5,2,0.05714285714285714,27,33
51,35,-7.0,3,0.08333333333333333,27,33
51,36,0.5,3,0.08108108108108109,28,34
51,37,0.5,3,0.07894736842105263,29,35
51,38,-1.5,3,0.07692307692307693,29,36
51,39,0.5,3,0.075,30,37
51,40,-7.0,4,0.0975609756097561,30,37
51,41,0.5,4,0.09523809523809523,31,38
51,42,0.5,4,0.09302325581395349,32,39
51,43,0.5,4,0.09090909090909091,33,40
51,44,3.0,4,0.08888888888888889,35,41
51,45,-4.5,5,0.10869565217391304,36,41
51,46,-1.0,5,0.10638297872340426,36,42
51,47,-1.5,5,0.10416666666666667,36,43
51,48,-2.0,5,0.10204081632653061,36,44
51,49,2.5,5,0.1,38,45
52,0,0.5,0,0.0,0,1
52,1,0.5,0,0.0,0,2
52,2,0.0,0,0.0,0,3
52,3,0.0,0,0.0,0,4
52,4,2.0,0,0.0,1,5
52,5,1.5,0,0.0,2,6
52,6,-0.5,0,0.0,2,7
52,7,3.5,0,0.0,4,8
52,8,-4.0,1,0.1111111111111111,5,8
52,9,-0.5,1,0.1,5,9
52,10,-0.5,1,0.09090909090909091,5,10
52,11,3.5,1,0.08333333333333333,7,11
52,12,-0.5,1,0.07692307692307693,7,12
52,13,-1.0,1,0.07142857142857142,7,13
52,14,0.5,1,0.06666666666666667,8,14
52,15,3.0,1,0.0625,10,15
52,16,-1.0,1,0.058823529411764705,10,16
52,17,0.5,1,0.05555555555555555,11,17
52,18,0.5,1,0.05263157894736842,12,18
52,19,-7.0,2,0.1,12,18
52,20,0.5,2,0.09523809523809523,13,19
52,21,0.5,2,0.09090909090909091,14,20
52,22,3.0,2,0.08695652173913043,16,21
52,23,-1.5,2,0.08333333333333333,16,22
52,24,-7.0,3,0.12,16,22
52,25,-1.5,3,0.11538461538461539,16,23
52,26,3.0,3,0.1111111111111111,18,24
52,27,1.0,3,0.10714285714285714,19,25
52,28,5.5,3,0.10344827586206896,22,26
52,29,1.5,3,0.1,23,27
52,30,1.5,3,0.0967741935483871,24,28
52,31,-0.5,3,0.09375,24,29
52,32,-6.0,4,0.12121212121212122,24,29
52,33,1.0,4,0.11764705882352941,25,30
52,34,-1.5,4,0.11428571428571428,25,31
52,35,0.5,4,0.1111111111111111,26,32
52,36,-4.5,5,0.13513513513513514,27,32
52,37,-1.5,5,0.13157894736842105,27,33
52,38,0.5,5,0.1282051282051282,28,34
52,39,0.5,5,0.125,29,35
52,40,3.0,5,0.12195121951219512,31,36
52,41,-6.5,6,0.14285714285714285,31,36
52,42,-1.0,6,0.13953488372093023,31,37
52,43,-1.5,6,0.13636363636363635,31,38
52,44,-4.5,7,0.15555555555555556,32,38
52,45,1.0,7,0.15217391304347827,33,39
52,46,-6.5,8,0.1702127659574468,33,39
52,47,-4.5,9,0.1875,34,39
52,48,-1.0,9,0.1836734693877551,34,40
52,49,3.5,9,0.18,36,41
53,0,0.5,0,0.0,0,1
53,1,2.5,0,0.0,1,2
53,2,2.5,0,0.0,2,3
53,3,0.5,0,0.0,2,4
53,4,0.0,0,0.0,2,5
53,5,2.0,0,0.0,3,6
53,6,-0.5,0,0.0,3,7
53,7,3.5,0,0.0,5,8
53,8,-0.5,0,0.0,5,9
53,9,2.0,0,0.0,6,10
53,10,-0.5,0,0.0,6,11
53,11,1.0,0,0.0,7,12
53,12,1.0,0,0.0,8,13
53,13,-1.0,0,0.0,8,14
53,14,1.0,0,0.0,9,15
53,15,-1.5,0,0.0,9,16
53,16,2.5,0,0.0,11,17
53,17,0.5,0,0.0,12,18
53,18,-7.0,1,0.05263157894736842,12,18
53,19,0.5,1,0.05,13,19
53,20,-1.5,1,0.047619047619047616,13,20
53,21,3.0,1,0.045454545454545456,15,21
53,22,3.0,1,0.043478260869565216,17,22
53,23,-1.5,1,0.041666666666666664,17,23
53,24,-7.0,2,0.08,17,23
53,25,-1.5,2,0.07692307692307693,17,24
53,26,3.0,2,0.07407407407407407,19,25
53,27,-1.5,2,0.07142857142857142,19,26
53,28,0.5,2,0.06896551724137931,20,27
53,29,2.5,2,0.06666666666666667,22,28
53,30,0.5,2,0.06451612903225806,23,29
53,31,-1.5,2,0.0625,23,30
53,32,2.5,2,0.06060606060606061,25,31
53,33,-1.5,2,0.058823529411764705,25,32
53,34,-7.0,3,0.08571428571428572,25,32
53,35,0.5,3,0.08333333333333333,26,33
53,36,3.0,3,0.08108108108108109,28,34
53,37,3.0,3,0.07894736842105263,30,35
53,38,1.0,3,0.07692307692307693,31,36
53,39,-6.5,4,0.1,31,36
53,40,-1.0,4,0.0975609756097561,31,37
53,41,1.0,4,0.09523809523809523,32,38
53,42,1.0,4,0.09302325581395349,33,39
53,43,1.0,4,0.09090909090909091,34,40
53,44,1.0,4,0.08888888888888889,35,41
53,45,1.0,4,0.08695652173913043,36,42
53,46,1.0,4,0.0851063829787234,37,43
53,47,1.0,4,0.08333333333333333,38,44
53,48,3.0,4,0.08163265306122448,40,45
53,49,-1.0,4,0.08,40,46
54,0,0.5,0,0.0,0,1
54,1,0.0,0,0.0,0,2
54,2,2.5,0,0.0,1,3
54,3,2.5,0,0.0,2,4
54,4,0.0,0,0.0,2,5
54,5,4.0,0,0.0,4,6
54,6,-0.5,0,0.0,4,7
54,7,-0.5,0,0.0,4,8
54,8,1.5,0,0.0,5,9
54,9,-0.5,0,0.0,5,10
54,10,1.5,0,0.0,6,11
54,11,3.5,0,0.0,8,12
54,12,1.5,0,0.0,9,13
54,13,1.5,0,0.0,10,14
54,14,-0.5,0,0.0,10,15
54,15,-6.0,1,0.0625,10,15
54,16,1.5,1,0.058823529411764705,11,16
54,17,1.0,1,0.05555555555555555,12,17
54,18,-1.5,1,0.05263157894736842,12,18
54,19,1.0,1,0.05,13,19
54,20,-6.5,2,0.09523809523809523,13,19
54,21,1.0,2,0.09090909090909091,14,20
54,22,-6.5,3,0.13043478260869565,14,20
54,23,1.0,3,0.125,15,21
54,24,3.0,3,0.12,17,22
54,25,-1.0,3,0.11538461538461539,17,23
54,26,3.0,3,0.1111111111111111,19,24
54,27,-1.5,3,0.10714285714285714,19,25
54,28,3.0,3,0.10344827586206896,21,26
54,29,1.0,3,0.1,22,27
54,30,1.0,3,0.0967741935483871,23,28
54,31,-6.5,4,0.125,23,28
54,32,-1.0,4,0.12121212121212122,23,29
54,33,3.0,4,0.11764705882352941,25,30
54,34,1.0,4,0.11428571428571428,26,31
54,35,-1.0,4,0.1111111111111111,26,32
54,36,-1.5,4,0.10810810810810811,26,33
54,37,0.5,4,0.10526315789473684,27,34
54,38,-7.0,5,0.1282051282051282,27,34
54,39,2.5,5,0.125,29,35
54,40,0.5,5,0.12195121951219512,30,36
54,41,-1.5,5,0.11904761904761904,30,37
54,42,-4.5,6,0.13953488372093023,31,37
54,43,0.5,6,0.13636363636363635,32,38
54,44,-4.5,7,0.15555555555555556,33,38
54,45,1.0,7,0.15217391304347827,34,39
54,46,-1.5,7,0.14893617021276595,34,40
54,47,-1.5,7,0.14583333333333334,34,41
54,48,0.5,7,0.14285714285714285,35,42
54,49,2.5,7,0.14,37,43
55,0,0.5,0,0.0,0,1
55,1,0.0,0,0.0,0,2
55,2,0.0,0,0.0,0,3
55,3,2.0,0,0.0,1,4
55,4,0.0,0,0.0,1,5
55,5,2.0,0,0.0,2,6
55,6,1.5,0,0.0,3,7
55,7,1.5,0,0.0,4,8
55,8,1.5,0,0.0,5,9
55,9,-4.0,1,0.1,6,9
55,10,2.0,1,0.09090909090909091,7,10
55,11,0.0,1,0.08333333333333333,7,11
55,12,-0.5,1,0.07692307692307693,7,12
55,13,3.5,1,0.07142857142857142,9,13
55,14,1.5,1,0.06666666666666667,10,14
55,15,1.5,1,0.0625,11,15
55,16,-0.5,1,0.058823529411764705,11,16
55,17,3.5,1,0.05555555555555555,13,17
55,18,3.5,1,0.05263157894736842,15,18
55,19,-0.5,1,0.05,15,19
55,20,1.5,1,0.047619047619047616,16,20
55,21,-0.5,1,0.045454545454545456,16,21
55,22,1.5,1,0.043478260869565216,17,22
55,23,1.0,1,0.041666666666666664,18,23
55,24,-1.0,1,0.04,18,24
55,25,0.5,1,0.038461538461538464,19,25
55,26,3.0,1,0.037037037037037035,21,26
55,27,-1.5,1,0.03571428571428571,21,27
55,28,-1.5,1,0.034482758620689655,21,28
55,29,-7.0,2,0.06666666666666667,21,28
55,30,0.5,2,0.06451612903225806,22,29
55,31,3.0,2,0.0625,24,30
55,32,1.0,2,0.06060606060606061,25,31
55,33,-4.5,3,0.08823529411764706,26,31
55,34,-1.0,3,0.08571428571428572,26,32
55,35,0.5,3,0.08333333333333333,27,33
55,36,0.5,3,0.08108108108108109,28,34
55,37,0.5,3,0.07894736842105263,29,35
55,38,-7.0,4,0.10256410256410256,29,35
55,39,0.5,4,0.1,30,36
55,40,0.5,4,0.0975609756097561,31,37
55,41,-1.5,4,0.09523809523809523,31,38
55,42,-7.0,5,0.11627906976744186,31,38
55,43,0.5,5,0.11363636363636363,32,39
55,44,0.5,5,0.1111111111111111,33,40
55,45,-7.0,6,0.13043478260869565,33,40
55,46,0.5,6,0.1276595744680851,34,41
55,47,0.5,6,0.125,35,42
55,48,2.5,6,0.12244897959183673,37,43
55,49,0.5,6,0.12,38,44
56,0,0.5,0,0.0,0,1
56,1,0.5,0,0.0,0,2
56,2,0.0,0,0.0,0,3
56,3,1.5,0,0.0,1,4
56,4,2.0,0,0.0,2,5
56,5,2.0,0,0.0,3,6
56,6,-0.5,0,0.0,3,7
56,7,1.5,0,0.0,4,8
56,8,1.5,0,0.0,5,9
56,9,-0.5,0,0.0,5,10
56,10,3.5,0,0.0,7,11
56,11,-0.5,0,0.0,7,12
56,12,1.5,0,0.0,8,13
56,13,-1.0,0,0.0,8,14
56,14,5.5,0,0.0,11,15
56,15,-1.0,0,0.0,11,16
56,16,-1.0,0,0.0,11,17
56,17,1.0,0,0.0,12,18
56,18,3.5,0,0.0,14,19
56,19,-4.0,1,0.05,15,19
56,20,1.5,1,0.047619047619047616,16,20
56,21,-1.0,1,0.045454545454545456,16,21
56,22,-1.0,1,0.043478260869565216,16,22
56,23,1.0,1,0.041666666666666664,17,23
56,24,-1.5,1,0.04,17,24
56,25,0.5,1,0.038461538461538464,18,25
56,26,3.0,1,0.037037037037037035,20,26
56,27,-1.5,1,0.03571428571428571,20,27
56,28,-2.0,1,0.034482758620689655,20,28
56,29,5.0,1,0.03333333333333333,23,29
56,30,1.0,1,0.03225806451612903,24,30
56,31,-1.5,1,0.03125,24,31
56,32,-5.0,2,0.06060606060606061,25,31
56,33,-1.5,2,0.058823529411764705,25,32
56,34,3.0,2,0.05714285714285714,27,33
56,35,-1.5,2,0.05555555555555555,27,34
56,36,-4.5,3,0.08108108108108109,28,34
56,37,-1.5,3,0.07894736842105263,28,35
56,38,5.0,3,0.07692307692307693,31,36
56,39,-1.0,3,0.075,31,37
56,40,1.0,3,0.07317073170731707,32,38
56,41,-1.5,3,0.07142857142857142,32,39
56,42,-7.0,4,0.09302325581395349,32,39
56,43,5.5,4,0.09090909090909091,35,40
56,44,-6.0,5,0.1111111111111111,35,40
56,45,-1.0,5,0.10869565217391304,35,41
56,46,3.5,5,0.10638297872340426,37,42
56,47,-1.0,5,0.10416666666666667,37,43
56,48,1.0,5,0.10204081632653061,38,44
56,49,0.5,5,0.1,39,45
57,0,0.5,0,0.0,0,1
57,1,2.5,0,0.0,1,2
57,2,0.5,0,0.0,1,3
57,3,0.0,0,0.0,1,4
57,4,2.0,0,0.0,2,5
57,5,-0.5,0,0.0,2,6
57,6,1.5,0,0.0,3,7
57,7,-0.5,0,0.0,3,8
57,8,1.0,0,0.0,4,9
57,9,1.0,0,0.0,5,10
57,10,-1.5,0,0.0,5,11
57,11,0.5,0,0.0,6,12
57,12,-1.5,0,0.0,6,13
57,13,-5.0,1,0.07142857142857142,7,13
57,14,0.5,1,0.06666666666666667,8,14
57,15,0.5,1,0.0625,9,15
57,16,0.5,1,0.058823529411764705,10,16
57,17,-1.5,1,0.05555555555555555,10,17
57,18,0.5,1,0.05263157894736842,11,18
57,19,2.5,1,0.05,13,19
57,20,-1.5,1,0.047619047619047616,13,20
57,21,-2.0,1,0.045454545454545456,13,21
57,22,2.5,1,0.043478260869565216,15,22
57,23,-2.0,1,0.041666666666666664,15,23
57,24,2.5,1,0.04,17,24
57,25,0.5,1,0.038461538461538464,18,25
57,26,0.5,1,0.037037037037037035,19,26
57,27,-7.0,2,0.07142857142857142,19,26
57,28,2.5,2,0.06896551724137931,21,27
57,29,0.5,2,0.06666666666666667,22,28
57,30,0.5,2,0.06451612903225806,23,29
57,31,-1.5,2,0.0625,23,30
57,32,-7.0,3,0.09090909090909091,23,30
57,33,0.5,3,0.08823529411764706,24,31
57,34,-7.0,4,0.11428571428571428,24,31
57,35,0.5,4,0.1111111111111111,25,32
57,36,-5.0,5,0.13513513513513514,26,32
57,37,-1.5,5,0.13157894736842105,26,33
57,38,2.5,5,0.1282051282051282,28,34
57,39,-1.5,5,0.125,28,35
57,40,0.5,5,0.12195121951219512,29,36
57,41,-7.0,6,0.14285714285714285,29,36
57,42,-5.0,7,0.16279069767441862,30,36
57,43,0.5,7,0.1590909090909091,31,37
57,44,0.5,7,0.15555555555555556,32,38
57,45,-1.5,7,0.15217391304347827,32,39
57,46,0.5,7,0.14893617021276595,33,40
57,47,-7.0,8,0.16666666666666666,33,40
57,48,2.5,8,0.16326530612244897,35,41
57,49,-4.5,9,0.18,36,41
58,0,0.5,0,0.0,0,1
58,1,0.0,0,0.0,0,2
58,2,0.0,0,0.0,0,3
58,3,2.0,0,0.0,1,4
58,4,-0.5,0,0.0,1,5
58,5,1.5,0,0.0,2,6
58,6,-1.0,0,0.0,2,7
58,7,1.0,0,0.0,3,8
58,8,-1.0,0,0.0,3,9
58,9,-6.5,1,0.1,3,9
58,10,1.0,1,0.09090909090909091,4,10
58,11,-1.5,1,0.08333333333333333,4,11
58,12,3.0,1,0.07692307692307693,6,12
58,13,-1.5,1,0.07142857142857142,6,13
58,14,0.5,1,0.06666666666666667,7,14
58,15,0.5,1,0.0625,8,15
58,16,-5.0,2,0.11764705882352941,9,15
58,17,-7.0,3,0.16666666666666666,9,15
58,18,-1.5,3,0.15789473684210525,9,16
58,19,3.0,3,0.15,11,17
58,20,1.0,3,0.14285714285714285,12,18
58,21,-1.5,3,0.13636363636363635,12,19
58,22,0.5,3,0.13043478260869565,13,20
58,23,0.5,3,0.125,14,21
58,24,3.0,3,0.12,16,22
58,25,0.5,3,0.11538461538461539,17,23
58,26,-4.5,4,0.14814814814814814,18,23
58,27,3.5,4,0.14285714285714285,20,24
58,28,-1.0,4,0.13793103448275862,20,25
58,29,-1.0,4,0.13333333333333333,20,26
58,30,1.0,4,0.12903225806451613,21,27
58,31,1.0,4,0.125,22,28
58,32,1.0,4,0.12121212121212122,23,29
58,33,-6.5,5,0.14705882352941177,23,29
58,34,3.0,5,0.14285714285714285,25,30
58,35,-1.0,5,0.1388888888888889,25,31
58,36,1.0,5,0.13513513513513514,26,32
58,37,-1.5,5,0.13157894736842105,26,33
58,38,0.5,5,0.1282051282051282,27,34
58,39,0.5,5,0.125,28,35
58,40,3.0,5,0.12195121951219512,30,36
58,41,3.0,5,0.11904761904761904,32,37
58,42,-1.5,5,0.11627906976744186,32,38
58,43,0.5,5,0.11363636363636363,33,39
58,44,0.5,5,0.1111111111111111,34,40
58,45,0.5,5,0.10869565217391304,35,41
58,46,-1.5,5,0.10638297872340426,35,42
58,47,0.5,5,0.10416666666666667,36,43
58,48,3.0,5,0.10204081632653061,38,44
58,49,1.0,5,0.1,39,45
59,0,0.5,0,0.0,0,1
59,1,0.0,0,0.0,0,2
59,2,0.0,0,0.0,0,3
59,3,2.5,0,0.0,1,4
59,4,0.0,0,0.0,1,5
59,5,-0.5,0,0.0,1,6
59,6,1.5,0,0.0,2,7
59,7,1.0,0,0.0,3,8
59,8,3.5,0,0.0,5,9
59,9,-1.0,0,0.0,5,10
59,10,3.5,0,0.0,7,11
59,11,-0.5,0,0.0,7,12
59,12,-6.0,1,0.07692307692307693,7,12
59,13,-6.0,2,0.14285714285714285,7,12
59,14,3.5,2,0.13333333333333333,9,13
59,15,-1.0,2,0.125,9,14
59,16,1.5,2,0.11764705882352941,10,15
59,17,-1.0,2,0.1111111111111111,10,16
59,18,1.0,2,0.10526315789473684,11,17
59,19,1.0,2,0.1,12,18
59,20,3.5,2,0.09523809523809523,14,19
59,21,1.0,2,0.09090909090909091,15,20
59,22,-1.0,2,0.08695652173913043,15,21
59,23,1.0,2,0.08333333333333333,16,22
59,24,3.5,2,0.08,18,23
59,25,1.5,2,0.07692307692307693,19,24
59,26,1.5,2,0.07407407407407407,20,25
59,27,3.5,2,0.07142857142857142,22,26
59,28,1.5,2,0.06896551724137931,23,27
59,29,-0.5,2,0.06666666666666667,23,28
59,30,1.5,2,0.06451612903225806,24,29
59,31,1.5,2,0.0625,25,30
59,32,-1.0,2,0.06060606060606061,25,31
59,33,3.0,2,0.058823529411764705,27,32
59,34,1.5,2,0.05714285714285714,28,33
59,35,-1.0,2,0.05555555555555555,28,34
59,36,1.0,2,0.05405405405405406,29,35
59,37,0.5,2,0.05263157894736842,30,36
59,38,3.0,2,0.05128205128205128,32,37
59,39,-1.0,2,0.05,32,38
59,40,-6.5,3,0.07317073170731707,32,38
59,41,-1.5,3,0.07142857142857142,32,39
59,42,-2.0,3,0.06976744186046512,32,40
59,43,2.5,3,0.06818181818181818,34,41
59,44,0.5,3,0.06666666666666667,35,42
59,45,-7.0,4,0.08695652173913043,35,42
59,46,-7.0,5,0.10638297872340426,35,42
59,47,3.0,5,0.10416666666666667,37,43
59,48,1.0,5,0.10204081632653061,38,44
59,49,-1.5,5,0.1,38,45
60,0,0.5,0,0.0,0,1
60,1,0.0,0,0.0,0,2
60,2,2.5,0,0.0,1,3
60,3,2.5,0,0.0,2,4
60,4,0.0,0,0.0,2,5
60,5,4.0,0,0.0,4,6
60,6,0.0,0,0.0,4,7
60,7,-0.5,0,0.0,4,8
60,8,4.0,0,0.0,6,9
60,9,2.0,0,0.0,7,10
60,10,1.5,0,0.0,8,11
60,11,-0.5,0,0.0,8,12
60,12,1.5,0,0.0,9,13
60,13,-0.5,0,0.0,9,14
60,14,-6.0,1,0.06666666666666667,9,14
60,15,3.5,1,0.0625,11,15
60,16,-0.5,1,0.058823529411764705,11,16
60,17,1.5,1,0.05555555555555555,12,17
60,18,-1.0,1,0.05263157894736842,12,18
60,19,1.0,1,0.05,13,19
60,20,1.0,1,0.047619047619047616,14,20
60,21,1.0,1,0.045454545454545456,15,21
60,22,-6.5,2,0.08695652173913043,15,21
60,23,-1.5,2,0.08333333333333333,15,22
60,24,3.0,2,0.08,17,23
60,25,-1.5,2,0.07692307692307693,17,24
60,26,3.0,2,0.07407407407407407,19,25
60,27,-1.5,2,0.07142857142857142,19,26
60,28,3.0,2,0.06896551724137931,21,27
60,29,1.0,2,0.06666666666666667,22,28
60,30,-1.5,2,0.06451612903225806,22,29
60,31,2.5,2,0.0625,24,30
60,32,-7.0,3,0.09090909090909091,24,30
60,33,0.5,3,0.08823529411764706,25,31
60,34,-1.5,3,0.08571428571428572,25,32
60,35,0.5,3,0.08333333333333333,26,33
60,36,2.5,3,0.08108108108108109,28,34
60,37,0.5,3,0.07894736842105263,29,35
60,38,-7.0,4,0.10256410256410256,29,35
60,39,0.5,4,0.1,30,36
60,40,0.5,4,0.0975609756097561,31,37
60,41,-1.5,4,0.09523809523809523,31,38
60,42,-2.0,4,0.09302325581395349,31,39
60,43,0.0,4,0.09090909090909091,32,40
60,44,0.0,4,0.08888888888888889,33,41
60,45,2.5,4,0.08695652173913043,35,42
60,46,-7.0,5,0.10638297872340426,35,42
60,47,-7.0,6,0.125,35,42
60,48,-2.0,6,0.12244897959183673,35,43
60,49,5.0,6,0.12,38,44
61,0,0.5,0,0.0,0,1
61,1,0.0,0,0.0,0,2
61,2,0.0,0,0.0,0,3
61,3,2.0,0,0.0,1,4
61,4,2.0,0,0.0,2,5
61,5,1.5,0,0.0,3,6
61,6,2.0,0,0.0,4,7
61,7,-0.5,0,0.0,4,8
61,8,1.5,0,0.0,5,9
61,9,-0.5,0,0.0,5,10
61,10,-1.0,0,0.0,5,11
61,11,1.0,0,0.0,6,12
61,12,-1.5,0,0.0,6,13
61,13,3.0,0,0.0,8,14
61,14,3.5,0,0.0,10,15
61,15,-6.0,1,0.0625,10,15
61,16,-1.0,1,0.058823529411764705,10,16
61,17,-1.5,1,0.05555555555555555,10,17
61,18,3.0,1,0.05263157894736842,12,18
61,19,-4.0,2,0.1,13,18
61,20,-6.0,3,0.14285714285714285,13,18
61,21,-1.0,3,0.13636363636363635,13,19
61,22,1.0,3,0.13043478260869565,14,20
61,23,3.5,3,0.125,16,21
61,24,3.5,3,0.12,18,22
61,25,-6.0,4,0.15384615384615385,18,22
61,26,-0.5,4,0.14814814814814814,18,23
61,27,-1.0,4,0.14285714285714285,18,24
61,28,1.0,4,0.13793103448275862,19,25
61,29,5.5,4,0.13333333333333333,22,26
61,30,-1.0,4,0.12903225806451613,22,27
61,31,-1.0,4,0.125,22,28
61,32,0.5,4,0.12121212121212122,23,29
61,33,3.0,4,0.11764705882352941,25,30
61,34,1.0,4,0.11428571428571428,26,31
61,35,-1.0,4,0.1111111111111111,26,32
61,36,1.0,4,0.10810810810810811,27,33
61,37,3.0,4,0.10526315789473684,29,34
61,38,1.0,4,0.10256410256410256,30,35
61,39,-1.5,4,0.1,30,36
61,40,3.0,4,0.0975609756097561,32,37
61,41,-1.5,4,0.09523809523809523,32,38
61,42,-7.0,5,0.11627906976744186,32,38
61,43,0.5,5,0.11363636363636363,33,39
61,44,-1.5,5,0.1111111111111111,33,40
61,45,0.5,5,0.10869565217391304,34,41
61,46,-5.0,6,0.1276595744680851,35,41
61,47,-1.5,6,0.125,35,42
61,48,0.5,6,0.12244897959183673,36,43
61,49,0.5,6,0.12,37,44
62,0,0.5,0,0.0,0,1
62,1,0.5,0,0.0,0,2
62,2,0.0,0,0.0,0,3
62,3,0.0,0,0.0,0,4
62,4,-0.5,0,0.0,0,5
62,5,1.5,0,0.0,1,6
62,6,3.5,0,0.0,3,7
62,7,1.5,0,0.0,4,8
62,8,-0.5,0,0.0,4,9
62,9,-1.0,0,0.0,4,10
62,10,1.0,0,0.0,5,11
62,11,1.0,0,0.0,6,12
62,12,1.0,0,0.0,7,13
62,13,3.0,0,0.0,9,14
62,14,-1.0,0,0.0,9,15
62,15,-1.5,0,0.0,9,16
62,16,5.0,0,0.0,12,17
62,17,1.0,0,0.0,13,18
62,18,1.0,0,0.0,14,19
62,19,1.0,0,0.0,15,20
62,20,-1.5,0,0.0,15,21
62,21,3.0,0,0.0,17,22
62,22,-1.5,0,0.0,17,23
62,23,3.0,0,0.0,19,24
62,24,-1.0,0,0.0,19,25
62,25,-1.5,0,0.0,19,26
62,26,0.5,0,0.0,20,27
62,27,3.0,0,0.0,22,28
62,28,-1.5,0,0.0,22,29
62,29,0.5,0,0.0,23,30
62,30,0.5,0,0.0,24,31
62,31,-4.5,1,0.03125,25,31
62,32,0.5,1,0.030303030303030304,26,32
62,33,-4.5,2,0.058823529411764705,27,32
62,34,1.0,2,0.05714285714285714,28,33
62,35,1.0,2,0.05555555555555555,29,34
62,36,-1.0,2,0.05405405405405406,29,35
62,37,1.0,2,0.05263157894736842,30,36
62,38,-1.5,2,0.05128205128205128,30,37
62,39,3.0,2,0.05,32,38
62,40,-4.5,3,0.07317073170731707,33,38
62,41,1.0,3,0.07142857142857142,34,39
62,42,-1.0,3,0.06976744186046512,34,40
62,43,3.0,3,0.06818181818181818,36,41
62,44,-1.0,3,0.06666666666666667,36,42
62,45,-1.5,3,0.06521739130434782,36,43
62,46,0.5,3,0.06382978723404255,37,44
62,47,0.5,3,0.0625,38,45
62,48,2.5,3,0.061224489795918366,40,46
62,49,0.5,3,0.06,41,47
63,0,0.5,0,0.0,0,1
63,1,0.0,0,0.0,0,2
63,2,0.0,0,0.0,0,3
63,3,2.0,0,0.0,1,4
63,4,-0.5,0,0.0,1,5
63,5,1.5,0,0.0,2,6
63,6,1.5,0,0.0,3,7
63,7,1.5,0,0.0,4,8
63,8,-0.5,0,0.0,4,9
63,9,-1.0,0,0.0,4,10
63,10,-6.5,1,0.09090909090909091,4,10
63,11,5.5,1,0.08333333333333333,7,11
63,12,1.5,1,0.07692307692307693,8,12
63,13,-1.0,1,0.07142857142857142,8,13
63,14,-1.0,1,0.06666666666666667,8,14
63,15,0.5,1,0.0625,9,15
63,16,3.0,1,0.058823529411764705,11,16
63,17,1.0,1,0.05555555555555555,12,17
63,18,-1.0,1,0.05263157894736842,12,18
63,19,3.0,1,0.05,14,19
63,20,-1.0,1,0.047619047619047616,14,20
63,21,1.0,1,0.045454545454545456,15,21
63,22,3.0,1,0.043478260869565216,17,22
63,23,1.0,1,0.041666666666666664,18,23
63,24,-1.5,1,0.04,18,24
63,25,-1.5,1,0.038461538461538464,18,25
63,26,2.5,1,0.037037037037037035,20,26
63,27,0.5,1,0.03571428571428571,21,27
63,28,0.5,1,0.034482758620689655,22,28
63,29,0.5,1,0.03333333333333333,23,29
63,30,-1.5,1,0.03225806451612903,23,30
63,31,-4.5,2,0.0625,24,30
63,32,3.0,2,0.06060606060606061,26,31
63,33,-1.0,2,0.058823529411764705,26,32
63,34,1.0,2,0.05714285714285714,27,33
63,35,3.5,2,0.05555555555555555,29,34
63,36,1.0,2,0.05405405405405406,30,35
63,37,-1.0,2,0.05263157894736842,30,36
63,38,3.0,2,0.05128205128205128,32,37
63,39,3.5,2,0.05,34,38
63,40,1.5,2,0.04878048780487805,35,39
63,41,1.5,2,0.047619047619047616,36,40
63,42,-0.5,2,0.046511627906976744,36,41
63,43,-1.0,2,0.045454545454545456,36,42
63,44,3.0,2,0.044444444444444446,38,43
63,45,1.0,2,0.043478260869565216,39,44
63,46,-1.0,2,0.0425531914893617,39,45
63,47,1.0,2,0.041666666666666664,40,46
63,48,1.0,2,0.04081632653061224,41,47
63,49,1.0,2,0.04,42,48
64,0,0.5,0,0.0,0,1
64,1,2.5,0,0.0,1,2
64,2,0.5,0,0.0,1,3
64,3,0.0,0,0.0,1,4
64,4,1.5,0,0.0,2,5
64,5,2.0,0,0.0,3,6
64,6,-0.5,0,0.0,3,7
64,7,1.5,0,0.0,4,8
64,8,1.5,0,0.0,5,9
64,9,3.5,0,0.0,7,10
64,10,2.0,0,0.0,8,11
64,11,0.0,0,0.0,8,12
64,12,-0.5,0,0.0,8,13
64,13,1.0,0,0.0,9,14
64,14,3.5,0,0.0,11,15
64,15,1.5,0,0.0,12,16
64,16,1.5,0,0.0,13,17
64,17,-1.0,0,0.0,13,18
64,18,3.5,0,0.0,15,19
64,19,2.0,0,0.0,16,20
64,20,-0.5,0,0.0,16,21
64,21,-1.0,0,0.0,16,22
64,22,1.0,0,0.0,17,23
64,23,-1.5,0,0.0,17,24
64,24,5.0,0,0.0,20,25
64,25,1.0,0,0.0,21,26
64,26,-1.0,0,0.0,21,27
64,27,1.0,0,0.0,22,28
64,28,0.5,0,0.0,23,29
64,29,0.5,0,0.0,24,30
64,30,0.5,0,0.0,25,31
64,31,-1.5,0,0.0,25,32
64,32,2.5,0,0.0,27,33
64,33,0.5,0,0.0,28,34
64,34,-1.5,0,0.0,28,35
64,35,0.5,0,0.0,29,36
64,36,0.5,0,0.0,30,37
64,37,-2.0,0,0.0,30,38
64,38,2.5,0,0.0,32,39
64,39,0.5,0,0.0,33,40
64,40,0.5,0,0.0,34,41
64,41,-2.0,0,0.0,34,42
64,42,-5.0,1,0.023255813953488372,35,42
64,43,3.0,1,0.022727272727272728,37,43
64,44,1.0,1,0.022222222222222223,38,44
64,45,1.0,1,0.021739130434782608,39,45
64,46,3.0,1,0.02127659574468085,41,46
64,47,1.0,1,0.020833333333333332,42,47
64,48,-1.0,1,0.02040816326530612,42,48
64,49,-1.5,1,0.02,42,49
65,0,0.5,0,0.0,0,1
65,1,2.5,0,0.0,1,2
65,2,0.0,0,0.0,1,3
65,3,-0.5,0,0.0,1,4
65,4,2.0,0,0.0,2,5
65,5,0.0,0,0.0,2,6
65,6,2.0,0,0.0,3,7
65,7,-0.5,0,0.0,3,8
65,8,-1.0,0,0.0,3,9
65,9,0.5,0,0.0,4,10
65,10,0.5,0,0.0,5,11
65,11,0.5,0,0.0,6,12
65,12,-1.5,0,0.0,6,13
65,13,3.0,0,0.0,8,14
65,14,1.0,0,0.0,9,15
65,15,-1.5,0,0.0,9,16
65,16,-2.5,1,0.058823529411764705,11,16
65,17,1.0,1,0.05555555555555555,12,17
65,18,1.5,1,0.05263157894736842,13,18
65,19,-6.0,2,0.1,13,18
65,20,-1.0,2,0.09523809523809523,13,19
65,21,1.0,2,0.09090909090909091,14,20
65,22,3.0,2,0.08695652173913043,16,21
65,23,3.5,2,0.08333333333333333,18,22
65,24,-1.0,2,0.08,18,23
65,25,-1.5,2,0.07692307692307693,18,24
65,26,3.0,2,0.07407407407407407,20,25
65,27,-1.0,2,0.07142857142857142,20,26
65,28,-4.0,3,0.10344827586206896,21,26
65,29,-1.0,3,0.1,21,27
65,30,1.0,3,0.0967741935483871,22,28
65,31,-6.5,4,0.125,22,28
65,32,1.0,4,0.12121212121212122,23,29
65,33,1.0,4,0.11764705882352941,24,30
65,34,1.0,4,0.11428571428571428,25,31
65,35,-6.5,5,0.1388888888888889,25,31
65,36,0.5,5,0.13513513513513514,26,32
65,37,0.5,5,0.13157894736842105,27,33
65,38,3.5,5,0.1282051282051282,29,34
65,39,6.0,5,0.125,32,35
65,40,2.0,5,0.12195121951219512,33,36
65,41,1.5,5,0.11904761904761904,34,37
65,42,-0.5,5,0.11627906976744186,34,38
65,43,-0.5,5,0.11363636363636363,34,39
65,44,1.5,5,0.1111111111111111,35,40
65,45,-1.0,5,0.10869565217391304,35,41
65,46,-1.5,5,0.10638297872340426,35,42
65,47,2.5,5,0.10416666666666667,37,43
65,48,-1.5,5,0.10204081632653061,37,44
65,49,0.5,5,0.1,38,45
66,0,0.5,0,0.0,0,1
66,1,0.0,0,0.0,0,2
66,2,2.5,0,0.0,1,3
66,3,2.5,0,0.0,2,4
66,4,0.0,0,0.0,2,5
66,5,2.0,0,0.0,3,6
66,6,4.5,0,0.0,5,7
66,7,0.0,0,0.0,5,8
66,8,2.0,0,0.0,6,9
66,9,-0.5,0,0.0,6,10
66,10,1.5,0,0.0,7,11
66,11,1.5,0,0.0,8,12
66,12,-1.0,0,0.0,8,13
66,13,-1.0,0,0.0,8,14
66,14,-1.5,0,0.0,8,15
66,15,0.5,0,0.0,9,16
66,16,2.5,0,0.0,11,17
66,17,0.5,0,0.0,12,18
66,18,0.5,0,0.0,13,19
66,19,-1.5,0,0.0,13,20
66,20,-7.0,1,0.047619047619047616,13,20
66,21,0.5,1,0.045454545454545456,14,21
66,22,3.0,1,0.043478260869565216,16,22
66,23,0.5,1,0.041666666666666664,17,23
66,24,3.0,1,0.04,19,24
66,25,1.0,1,0.038461538461538464,20,25
66,26,-1.5,1,0.037037037037037035,20,26
66,27,-1.5,1,0.03571428571428571,20,27
66,28,2.5,1,0.034482758620689655,22,28
66,29,-7.0,2,0.06666666666666667,22,28
66,30,-4.5,3,0.0967741935483871,23,28
66,31,1.0,3,0.09375,24,29
66,32,-6.5,4,0.12121212121212122,24,29
66,33,1.5,4,0.11764705882352941,25,30
66,34,1.5,4,0.11428571428571428,26,31
66,35,1.5,4,0.1111111111111111,27,32
66,36,6.0,4,0.10810810810810811,30,33
66,37,-0.5,4,0.10526315789473684,30,34
66,38,-0.5,4,0.10256410256410256,30,35
66,39,1.0,4,0.1,31,36
66,40,-1.5,4,0.0975609756097561,31,37
66,41,3.0,4,0.09523809523809523,33,38
66,42,-1.0,4,0.09302325581395349,33,39
66,43,3.0,4,0.09090909090909091,35,40
66,44,-1.0,4,0.08888888888888889,35,41
66,45,-1.5,4,0.08695652173913043,35,42
66,46,3.0,4,0.0851063829787234,37,43
66,47,-1.5,4,0.08333333333333333,37,44
66,48,3.0,4,0.08163265306122448,39,45
66,49,5.5,4,0.08,42,46
67,0,0.5,0,0.0,0,1
67,1,2.5,0,0.0,1,2
67,2,0.5,0,0.0,1,3
67,3,0.5,0,0.0,1,4
67,4,0.0,0,0.0,1,5
67,5,2.0,0,0.0,2,6
67,6,1.5,0,0.0,3,7
67,7,-0.5,0,0.0,3,8
67,8,3.5,0,0.0,5,9
67,9,1.5,0,0.0,6,10
67,10,-0.5,0,0.0,6,11
67,11,-1.0,0,0.0,6,12
67,12,3.0,0,0.0,8,13
67,13,1.0,0,0.0,9,14
67,14,-1.5,0,0.0,9,15
67,15,3.0,0,0.0,11,16
67,16,1.0,0,0.0,12,17
67,17,1.0,0,0.0,13,18
67,18,1.0,0,0.0,14,19
67,19,-1.0,0,0.0,14,20
67,20,1.0,0,0.0,15,21
67,21,-1.5,0,0.0,15,22
67,22,3.0,0,0.0,17,23
67,23,3.5,0,0.0,19,24
67,24,1.5,0,0.0,20,25
67,25,1.5,0,0.0,21,26
67,26,3.5,0,0.0,23,27
67,27,-0.5,0,0.0,23,28
67,28,3.5,0,0.0,25,29
67,29,1.5,0,0.0,26,30
67,30,-0.5,0,0.0,26,31
67,31,1.5,0,0.0,27,32
67,32,1.0,0,0.0,28,33
67,33,3.5,0,0.0,30,34
67,34,-6.0,1,0.02857142857142857,30,34
67,35,1.5,1,0.027777777777777776,31,35
67,36,-0.5,1,0.02702702702702703,31,36
67,37,3.5,1,0.02631578947368421,33,37
67,38,1.5,1,0.02564102564102564,34,38
67,39,-0.5,1,0.025,34,39
67,40,3.5,1,0.024390243902439025,36,40
67,41,1.5,1,0.023809523809523808,37,41
67,42,1.5,1,0.023255813953488372,38,42
67,43,-1.0,1,0.022727272727272728,38,43
67,44,3.5,1,0.022222222222222223,40,44
67,45,-1.0,1,0.021739130434782608,40,45
67,46,1.0,1,0.02127659574468085,41,46
67,47,1.0,1,0.020833333333333332,42,47
67,48,-1.0,1,0.02040816326530612,42,48
67,49,1.0,1,0.02,43,49
68,0,0.5,0,0.0,0,1
68,1,0.0,0,0.0,0,2
68,2,0.0,0,0.0,0,3
68,3,4.0,0,0.0,2,4
68,4,0.0,0,0.0,2,5
68,5,-0.5,0,0.0,2,6
68,6,1.5,0,0.0,3,7
68,7,-0.5,0,0.0,3,8
68,8,1.5,0,0.0,4,9
68,9,1.0,0,0.0,5,10
68,10,-1.5,0,0.0,5,11
68,11,3.0,0,0.0,7,12
68,12,1.0,0,0.0,8,13
68,13,-6.5,1,0.07142857142857142,8,13
68,14,-1.0,1,0.06666666666666667,8,14
68,15,1.0,1,0.0625,9,15
68,16,1.0,1,0.058823529411764705,10,16
68,17,3.5,1,0.05555555555555555,12,17
68,18,-1.0,1,0.05263157894736842,12,18
68,19,1.0,1,0.05,13,19
68,20,-6.5,2,0.09523809523809523,13,19
68,21,1.0,2,0.09090909090909091,14,20
68,22,0.5,2,0.08695652173913043,15,21
68,23,-4.5,3,0.125,16,21
68,24,1.0,3,0.12,17,22
68,25,-1.0,3,0.11538461538461539,17,23
68,26,1.0,3,0.1111111111111111,18,24
68,27,-1.5,3,0.10714285714285714,18,25
68,28,0.5,3,0.10344827586206896,19,26
68,29,0.5,3,0.1,20,27
68,30,3.0,3,0.0967741935483871,22,28
68,31,1.0,3,0.09375,23,29
68,32,-1.5,3,0.09090909090909091,23,30
68,33,0.5,3,0.08823529411764706,24,31
68,34,5.5,3,0.08571428571428572,27,32
68,35,3.5,3,0.08333333333333333,29,33
68,36,-4.0,4,0.10810810810810811,30,33
68,37,-0.5,4,0.10526315789473684,30,34
68,38,1.5,4,0.10256410256410256,31,35
68,39,-0.5,4,0.1,31,36
68,40,-6.0,5,0.12195121951219512,31,36
68,41,3.5,5,0.11904761904761904,33,37
68,42,1.5,5,0.11627906976744186,34,38
68,43,3.5,5,0.11363636363636363,36,39
68,44,-0.5,5,0.1111111111111111,36,40
68,45,1.5,5,0.10869565217391304,37,41
68,46,1.5,5,0.10638297872340426,38,42
68,47,-0.5,5,0.10416666666666667,38,43
68,48,1.5,5,0.10204081632653061,39,44
68,49,1.0,5,0.1,40,45
69,0,0.5,0,0.0,0,1
69,1,2.5,0,0.0,1,2
69,2,0.5,0,0.0,1,3
69,3,0.5,0,0.0,1,4
69,4,2.0,0,0.0,2,5
69,5,0.0,0,0.0,2,6
69,6,2.0,0,0.0,3,7
69,7,4.0,0,0.0,5,8
69,8,0.0,0,0.0,5,9
69,9,-0.5,0,0.0,5,10
69,10,1.0,0,0.0,6,11
69,11,-1.5,0,0.0,6,12
69,12,3.0,0,0.0,8,13
69,13,1.0,0,0.0,9,14
69,14,1.0,0,0.0,10,15
69,15,1.0,0,0.0,11,16
69,16,-1.0,0,0.0,11,17
69,17,1.0,0,0.0,12,18
69,18,1.0,0,0.0,13,19
69,19,0.5,0,0.0,14,20
69,20,-1.5,0,0.0,14,21
69,21,5.0,0,0.0,17,22
69,22,-1.5,0,0.0,17,23
69,23,-1.5,0,0.0,17,24
69,24,0.5,0,0.0,18,25
69,25,0.5,0,0.0,19,26
69,26,0.5,0,0.0,20,27
69,27,-2.0,0,0.0,20,28
69,28,5.0,0,0.0,23,29
69,29,1.0,0,0.0,24,30
69,30,5.5,0,0.0,27,31
69,31,-1.0,0,0.0,27,32
69,32,1.0,0,0.0,28,33
69,33,-1.0,0,0.0,28,34
69,34,1.0,0,0.0,29,35
69,35,-1.5,0,0.0,29,36
69,36,-4.5,1,0.02702702702702703,30,36
69,37,1.0,1,0.02631578947368421,31,37
69,38,3.5,1,0.02564102564102564,33,38
69,39,-1.0,1,0.025,33,39
69,40,3.0,1,0.024390243902439025,35,40
69,41,1.0,1,0.023809523809523808,36,41
69,42,-1.0,1,0.023255813953488372,36,42
69,43,1.0,1,0.022727272727272728,37,43
69,44,5.5,1,0.022222222222222223,40,44
69,45,-0.5,1,0.021739130434782608,40,45
69,46,-4.0,2,0.0425531914893617,41,45
69,47,1.5,2,0.041666666666666664,42,46
69,48,1.5,2,0.04081632653061224,43,47
69,49,1.5,2,0.04,44,48
70,0,0.5,0,0.0,0,1
70,1,0.0,0,0.0,0,2
70,2,2.5,0,0.0,1,3
70,3,0.5,0,0.0,1,4
70,4,0.0,0,0.0,1,5
70,5,2.0,0,0.0,2,6
70,6,4.0,0,0.0,4,7
70,7,-0.5,0,0.0,4,8
70,8,1.5,0,0.0,5,9
70,9,3.5,0,0.0,7,10
70,10,-0.5,0,0.0,7,11
70,11,-0.5,0,0.0,7,12
70,12,1.5,0,0.0,8,13
70,13,-1.0,0,0.0,8,14
70,14,3.0,0,0.0,10,15
70,15,-1.5,0,0.0,10,16
70,16,1.0,0,0.0,11,17
70,17,0.5,0,0.0,12,18
70,18,3.0,0,0.0,14,19
70,19,-6.5,1,0.05,14,19
70,20,-1.5,1,0.047619047619047616,14,20
70,21,-1.5,1,0.045454545454545456,14,21
70,22,0.5,1,0.043478260869565216,15,22
70,23,2.5,1,0.041666666666666664,17,23
70,24,3.0,1,0.04,19,24
70,25,3.5,1,0.038461538461538464,21,25
70,26,-1.0,1,0.037037037037037035,21,26
70,27,3.5,1,0.03571428571428571,23,27
70,28,1.5,1,0.034482758620689655,24,28
70,29,-0.5,1,0.03333333333333333,24,29
70,30,-1.0,1,0.03225806451612903,24,30
70,31,1.0,1,0.03125,25,31
70,32,0.5,1,0.030303030303030304,26,32
70,33,0.5,1,0.029411764705882353,27,33
70,34,3.0,1,0.02857142857142857,29,34
70,35,1.0,1,0.027777777777777776,30,35
70,36,-1.0,1,0.02702702702702703,30,36
70,37,3.0,1,0.02631578947368421,32,37
70,38,-1.5,1,0.02564102564102564,32,38
70,39,3.0,1,0.025,34,39
70,40,1.0,1,0.024390243902439025,35,40
70,41,-1.0,1,0.023809523809523808,35,41
70,42,3.0,1,0.023255813953488372,37,42
70,43,1.0,1,0.022727272727272728,38,43
70,44,1.0,1,0.022222222222222223,39,44
70,45,3.5,1,0.021739130434782608,41,45
70,46,-0.5,1,0.02127659574468085,41,46
70,47,-1.0,1,0.020833333333333332,41,47
70,48,-6.5,2,0.04081632653061224,41,47
70,49,1.0,2,0.04,42,48
71,0,0.5,0,0.0,0,1
71,1,0.0,0,0.0,0,2
71,2,2.5,0,0.0,1,3
71,3,0.0,0,0.0,1,4
71,4,1.5,0,0.0,2,5
71,5,2.0,0,0.0,3,6
71,6,-0.5,0,0.0,3,7
71,7,1.5,0,0.0,4,8
71,8,1.5,0,0.0,5,9
71,9,1.5,0,0.0,6,10
71,10,1.5,0,0.0,7,11
71,11,-0.5,0,0.0,7,12
71,12,-1.0,0,0.0,7,13
71,13,-1.5,0,0.0,7,14
71,14,3.0,0,0.0,9,15
71,15,-1.5,0,0.0,9,16
71,16,5.5,0,0.0,12,17
71,17,-1.0,0,0.0,12,18
71,18,-1.5,0,0.0,12,19
71,19,0.5,0,0.0,13,20
71,20,-2.0,0,0.0,13,21
71,21,2.5,0,0.0,15,22
71,22,-2.0,0,0.0,15,23
71,23,0.0,0,0.0,16,24
71,24,2.5,0,0.0,18,25
71,25,3.0,0,0.0,20,26
71,26,-4.5,1,0.037037037037037035,21,26
71,27,-1.0,1,0.03571428571428571,21,27
71,28,-1.5,1,0.034482758620689655,21,28
71,29,3.0,1,0.03333333333333333,23,29
71,30,-6.5,2,0.06451612903225806,23,29
71,31,1.0,2,0.0625,24,30
71,32,1.0,2,0.06060606060606061,25,31
71,33,3.0,2,0.058823529411764705,27,32
71,34,-1.0,2,0.05714285714285714,27,33
71,35,1.0,2,0.05555555555555555,28,34
71,36,-1.5,2,0.05405405405405406,28,35
71,37,0.5,2,0.05263157894736842,29,36
71,38,0.5,2,0.05128205128205128,30,37
71,39,-7.0,3,0.075,30,37
71,40,0.5,3,0.07317073170731707,31,38
71,41,-7.0,4,0.09523809523809523,31,38
71,42,3.0,4,0.09302325581395349,33,39
71,43,-1.5,4,0.09090909090909091,33,40
71,44,-2.0,4,0.08888888888888889,33,41
71,45,-2.5,5,0.10869565217391304,35,41
71,46,1.0,5,0.10638297872340426,36,42
71,47,-4.5,6,0.125,37,42
71,48,-1.5,6,0.12244897959183673,37,43
71,49,-7.0,7,0.14,37,43
72,0,0.5,0,0.0,0,1
72,1,0.0,0,0.0,0,2
72,2,0.0,0,0.0,0,3
72,3,2.0,0,0.0,1,4
72,4,1.5,0,0.0,2,5
72,5,-0.5,0,0.0,2,6
72,6,-6.0,1,0.14285714285714285,2,6
72,7,1.5,1,0.125,3,7
72,8,1.5,1,0.1111111111111111,4,8
72,9,-1.0,1,0.1,4,9
72,10,3.5,1,0.09090909090909091,6,10
72,11,3.5,1,0.08333333333333333,8,11
72,12,-0.5,1,0.07692307692307693,8,12
72,13,-0.5,1,0.07142857142857142,8,13
72,14,-1.0,1,0.06666666666666667,8,14
72,15,-6.5,2,0.125,8,14
72,16,5.5,2,0.11764705882352941,11,15
72,17,-1.0,2,0.1111111111111111,11,16
72,18,3.5,2,0.10526315789473684,13,17
72,19,-1.0,2,0.1,13,18
72,20,-1.0,2,0.09523809523809523,13,19
72,21,-1.5,2,0.09090909090909091,13,20
72,22,-2.0,2,0.08695652173913043,13,21
72,23,2.5,2,0.08333333333333333,15,22
72,24,-2.0,2,0.08,15,23
72,25,2.5,2,0.07692307692307693,17,24
72,26,0.5,2,0.07407407407407407,18,25
72,27,0.5,2,0.07142857142857142,19,26
72,28,2.5,2,0.06896551724137931,21,27
72,29,-7.0,3,0.1,21,27
72,30,-1.5,3,0.0967741935483871,21,28
72,31,-2.0,3,0.09375,21,29
72,32,0.0,3,0.09090909090909091,22,30
72,33,2.5,3,0.08823529411764706,24,31
72,34,-2.0,3,0.08571428571428572,24,32
72,35,2.5,3,0.08333333333333333,26,33
72,36,0.5,3,0.08108108108108109,27,34
72,37,0.5,3,0.07894736842105263,28,35
72,38,0.5,3,0.07692307692307693,29,36
72,39,3.0,3,0.075,31,37
72,40,3.0,3,0.07317073170731707,33,38
72,41,1.0,3,0.07142857142857142,34,39
72,42,1.0,3,0.06976744186046512,35,40
72,43,1.0,3,0.06818181818181818,36,41
72,44,-1.5,3,0.06666666666666667,36,42
72,45,-1.5,3,0.06521739130434782,36,43
72,46,-2.0,3,0.06382978723404255,36,44
72,47,2.5,3,0.0625,38,45
72,48,0.5,3,0.061224489795918366,39,46
72,49,0.5,3,0.06,40,47
73,0,0.5,0,0.0,0,1
73,1,2.5,0,0.0,1,2
73,2,2.5,0,0.0,2,3
73,3,0.0,0,0.0,2,4
73,4,2.5,0,0.0,3,5
73,5,0.0,0,0.0,3,6
73,6,1.5,0,0.0,4,7
73,7,-0.5,0,0.0,4,8
73,8,-0.5,0,0.0,4,9
73,9,3.5,0,0.0,6,10
73,10,3.5,0,0.0,8,11
73,11,-0.5,0,0.0,8,12
73,12,-0.5,0,0.0,8,13
73,13,1.0,0,0.0,9,14
73,14,-1.5,0,0.0,9,15
73,15,0.5,0,0.0,10,16
73,16,1.0,0,0.0,11,17
73,17,-1.5,0,0.0,11,18
73,18,2.5,0,0.0,13,19
73,19,1.0,0,0.0,14,20
73,20,-6.5,1,0.047619047619047616,14,20
73,21,-1.5,1,0.045454545454545456,14,21
73,22,3.0,1,0.043478260869565216,16,22
73,23,1.0,1,0.041666666666666664,17,23
73,24,1.0,1,0.04,18,24
73,25,1.0,1,0.038461538461538464,19,25
73,26,-4.5,2,0.07407407407407407,20,25
73,27,-1.0,2,0.07142857142857142,20,26
73,28,1.0,2,0.06896551724137931,21,27
73,29,3.0,2,0.06666666666666667,23,28
73,30,-1.0,2,0.06451612903225806,23,29
73,31,1.0,2,0.0625,24,30
73,32,-1.5,2,0.06060606060606061,24,31
73,33,0.5,2,0.058823529411764705,25,32
73,34,2.5,2,0.05714285714285714,27,33
73,35,0.5,2,0.05555555555555555,28,34
73,36,0.5,2,0.05405405405405406,29,35
73,37,-1.5,2,0.05263157894736842,29,36
73,38,5.0,2,0.05128205128205128,32,37
73,39,-1.0,2,0.05,32,38
73,40,1.0,2,0.04878048780487805,33,39
73,41,-1.5,2,0.047619047619047616,33,40
73,42,-7.0,3,0.06976744186046512,33,40
73,43,0.5,3,0.06818181818181818,34,41
73,44,-2.5,4,0.08888888888888889,36,41
73,45,-1.0,4,0.08695652173913043,36,42
73,46,-1.5,4,0.0851063829787234,36,43
73,47,0.5,4,0.08333333333333333,37,44
73,48,0.5,4,0.08163265306122448,38,45
73,49,0.5,4,0.08,39,46
74,0,0.5,0,0.0,0,1
74,1,0.0,0,0.0,0,2
74,2,0.0,0,0.0,0,3
74,3,2.0,0,0.0,1,4
74,4,1.5,0,0.0,2,5
74,5,-0.5,0,0.0,2,6
74,6,1.5,0,0.0,3,7
74,7,2.0,0,0.0,4,8
74,8,-0.5,0,0.0,4,9
74,9,1.0,0,0.0,5,10
74,10,3.5,0,0.0,7,11
74,11,1.5,0,0.0,8,12
74,12,1.5,0,0.0,9,13
74,13,1.5,0,0.0,10,14
74,14,1.5,0,0.0,11,15
74,15,1.5,0,0.0,12,16
74,16,1.5,0,0.0,13,17
74,17,1.5,0,0.0,14,18
74,18,1.5,0,0.0,15,19
74,19,1.5,0,0.0,16,20
74,20,1.5,0,0.0,17,21
74,21,-0.5,0,0.0,17,22
74,22,-1.0,0,0.0,17,23
74,23,1.0,0,0.0,18,24
74,24,1.0,0,0.0,19,25
74,25,1.0,0,0.0,20,26
74,26,-1.5,0,0.0,20,27
74,27,0.5,0,0.0,21,28
74,28,0.5,0,0.0,22,29
74,29,2.5,0,0.0,24,30
74,30,-1.5,0,0.0,24,31
74,31,-2.0,0,0.0,24,32
74,32,2.5,0,0.0,26,33
74,33,0.5,0,0.0,27,34
74,34,0.5,0,0.0,28,35
74,35,-7.0,1,0.027777777777777776,28,35
74,36,2.5,1,0.02702702702702703,30,36
74,37,-1.5,1,0.02631578947368421,30,37
74,38,0.5,1,0.02564102564102564,31,38
74,39,3.0,1,0.025,33,39
74,40,3.0,1,0.024390243902439025,35,40
74,41,-1.0,1,0.023809523809523808,35,41
74,42,1.0,1,0.023255813953488372,36,42
74,43,5.5,1,0.022727272727272728,39,43
74,44,1.5,1,0.022222222222222223,40,44
74,45,-1.0,1,0.021739130434782608,40,45
74,46,1.0,1,0.02127659574468085,41,46
74,47,-1.0,1,0.020833333333333332,41,47
74,48,1.0,1,0.02040816326530612,42,48
74,49,-1.5,1,0.02,42,49
75,0,0.5,0,0.0,0,1
75,1,0.5,0,0.0,0,2
75,2,2.0,0,0.0,1,3
75,3,0.0,0,0.0,1,4
75,4,2.0,0,0.0,2,5
75,5,1.5,0,0.0,3,6
75,6,-0.5,0,0.0,3,7
75,7,-0.5,0,0.0,3,8
75,8,6.0,0,0.0,6,9
75,9,1.5,0,0.0,7,10
75,10,-0.5,0,0.0,7,11
75,11,-0.5,0,0.0,7,12
75,12,1.5,0,0.0,8,13
75,13,3.5,0,0.0,10,14
75,14,-0.5,0,0.0,10,15
75,15,-1.0,0,0.0,10,16
75,16,1.0,0,0.0,11,17
75,17,1.0,0,0.0,12,18
75,18,-1.5,0,0.0,12,19
75,19,-4.5,1,0.05,13,19
75,20,1.0,1,0.047619047619047616,14,20
75,21,3.0,1,0.045454545454545456,16,21
75,22,-1.0,1,0.043478260869565216,16,22
75,23,1.0,1,0.041666666666666664,17,23
75,24,1.0,1,0.04,18,24
75,25,-1.5,1,0.038461538461538464,18,25
75,26,0.5,1,0.037037037037037035,19,26
75,27,3.0,1,0.03571428571428571,21,27
75,28,1.0,1,0.034482758620689655,22,28
75,29,0.5,1,0.03333333333333333,23,29
75,30,-1.5,1,0.03225806451612903,23,30
75,31,0.5,1,0.03125,24,31
75,32,3.0,1,0.030303030303030304,26,32
75,33,3.5,1,0.029411764705882353,28,33
75,34,1.0,1,0.02857142857142857,29,34
75,35,-1.0,1,0.027777777777777776,29,35
75,36,3.0,1,0.02702702702702703,31,36
75,37,-4.0,2,0.05263157894736842,32,36
75,38,-1.0,2,0.05128205128205128,32,37
75,39,1.0,2,0.05,33,38
75,40,-1.5,2,0.04878048780487805,33,39
75,41,3.0,2,0.047619047619047616,35,40
75,42,-1.0,2,0.046511627906976744,35,41
75,43,0.5,2,0.045454545454545456,36,42
75,44,0.5,2,0.044444444444444446,37,43
75,45,3.0,2,0.043478260869565216,39,44
75,46,1.0,2,0.0425531914893617,40,45
75,47,-1.0,2,0.041666666666666664,40,46
75,48,1.0,2,0.04081632653061224,41,47
75,49,-1.5,2,0.04,41,48
76,0,0.5,0,0.0,0,1
76,1,0.5,0,0.0,0,2
76,2,0.0,0,0.0,0,3
76,3,1.5,0,0.0,1,4
76,4,2.0,0,0.0,2,5
76,5,0.0,0,0.0,2,6
76,6,-0.5,0,0.0,2,7
76,7,6.0,0,0.0,5,8
76,8,1.5,0,0.0,6,9
76,9,-0.5,0,0.0,6,10
76,10,-0.5,0,0.0,6,11
76,11,1.5,0,0.0,7,12
76,12,-1.0,0,0.0,7,13
76,13,1.0,0,0.0,8,14
76,14,1.0,0,0.0,9,15
76,15,3.0,0,0.0,11,16
76,16,-1.0,0,0.0,11,17
76,17,1.0,0,0.0,12,18
76,18,3.0,0,0.0,14,19
76,19,-1.0,0,0.0,14,20
76,20,-1.5,0,0.0,14,21
76,21,0.5,0,0.0,15,22
76,22,5.0,0,0.0,18,23
76,23,1.0,0,0.0,19,24
76,24,1.0,0,0.0,20,25
76,25,-1.0,0,0.0,20,26
76,26,3.5,0,0.0,22,27
76,27,1.5,0,0.0,23,28
76,28,-6.0,1,0.034482758620689655,23,28
76,29,-1.0,1,0.03333333333333333,23,29
76,30,0.5,1,0.03225806451612903,24,30
76,31,3.0,1,0.03125,26,31
76,32,-1.0,1,0.030303030303030304,26,32
76,33,-1.5,1,0.029411764705882353,26,33
76,34,0.5,1,0.02857142857142857,27,34
76,35,-7.0,2,0.05555555555555555,27,34
76,36,3.0,2,0.05405405405405406,29,35
76,37,-6.5,3,0.07894736842105263,29,35
76,38,1.0,3,0.07692307692307693,30,36
76,39,-1.5,3,0.075,30,37
76,40,-4.5,4,0.0975609756097561,31,37
76,41,1.0,4,0.09523809523809523,32,38
76,42,-6.5,5,0.11627906976744186,32,38
76,43,3.5,5,0.11363636363636363,34,39
76,44,-1.0,5,0.1111111111111111,34,40
76,45,1.0,5,0.10869565217391304,35,41
76,46,3.5,5,0.10638297872340426,37,42
76,47,-1.0,5,0.10416666666666667,37,43
76,48,1.0,5,0.10204081632653061,38,44
76,49,-1.5,5,0.1,38,45
77,0,0.5,0,0.0,0,1
77,1,0.0,0,0.0,0,2
77,2,2.5,0,0.0,1,3
77,3,2.5,0,0.0,2,4
77,4,2.5,0,0.0,3,5
77,5,0.0,0,0.0,3,6
77,6,1.5,0,0.0,4,7
77,7,-0.5,0,0.0,4,8
77,8,1.5,0,0.0,5,9
77,9,-0.5,0,0.0,5,10
77,10,1.5,0,0.0,6,11
77,11,-1.0,0,0.0,6,12
77,12,5.5,0,0.0,9,13
77,13,1.5,0,0.0,10,14
77,14,-0.5,0,0.0,10,15
77,15,1.5,0,0.0,11,16
77,16,1.5,0,0.0,12,17
77,17,-1.0,0,0.0,12,18
77,18,3.0,0,0.0,14,19
77,19,-1.0,0,0.0,14,20
77,20,1.0,0,0.0,15,21
77,21,1.0,0,0.0,16,22
77,22,-1.5,0,0.0,16,23
77,23,-4.5,1,0.041666666666666664,17,23
77,24,-1.5,1,0.04,17,24
77,25,0.5,1,0.038461538461538464,18,25
77,26,0.5,1,0.037037037037037035,19,26
77,27,-2.0,1,0.03571428571428571,19,27
77,28,2.5,1,0.034482758620689655,21,28
77,29,0.5,1,0.03333333333333333,22,29
77,30,0.5,1,0.03225806451612903,23,30
77,31,0.5,1,0.03125,24,31
77,32,2.5,1,0.030303030303030304,26,32
77,33,-1.5,1,0.029411764705882353,26,33
77,34,0.5,1,0.02857142857142857,27,34
77,35,0.5,1,0.027777777777777776,28,35
77,36,-7.0,2,0.05405405405405406,28,35
77,37,3.0,2,0.05263157894736842,30,36
77,38,-6.5,3,0.07692307692307693,30,36
77,39,1.0,3,0.075,31,37
77,40,-1.5,3,0.07317073170731707,31,38
77,41,-2.0,3,0.07142857142857142,31,39
77,42,2.5,3,0.06976744186046512,33,40
77,43,5.0,3,0.06818181818181818,36,41
77,44,-6.5,4,0.08888888888888889,36,41
77,45,-6.5,5,0.10869565217391304,36,41
77,46,1.5,5,0.10638297872340426,37,42
77,47,1.5,5,0.10416666666666667,38,43
77,48,1.5,5,0.10204081632653061,39,44
77,49,1.5,5,0.1,40,45
78,0,0.5,0,0.0,0,1
78,1,0.5,0,0.0,0,2
78,2,2.5,0,0.0,1,3
78,3,0.0,0,0.0,1,4
78,4,0.0,0,0.0,1,5
78,5,1.5,0,0.0,2,6
78,6,1.5,0,0.0,3,7
78,7,2.0,0,0.0,4,8
78,8,-0.5,0,0.0,4,9
78,9,4.0,0,0.0,6,10
78,10,1.5,0,0.0,7,11
78,11,1.5,0,0.0,8,12
78,12,-1.0,0,0.0,8,13
78,13,1.0,0,0.0,9,14
78,14,-1.0,0,0.0,9,15
78,15,1.0,0,0.0,10,16
78,16,1.0,0,0.0,11,17
78,17,3.5,0,0.0,13,18
78,18,1.5,0,0.0,14,19
78,19,-1.0,0,0.0,14,20
78,20,-4.5,1,0.047619047619047616,15,20
78,21,3.5,1,0.045454545454545456,17,21
78,22,-0.5,1,0.043478260869565216,17,22
78,23,1.5,1,0.041666666666666664,18,23
78,24,1.5,1,0.04,19,24
78,25,1.5,1,0.038461538461538464,20,25
78,26,3.5,1,0.037037037037037035,22,26
78,27,-1.0,1,0.03571428571428571,22,27
78,28,1.0,1,0.034482758620689655,23,28
78,29,-1.0,1,0.03333333333333333,23,29
78,30,-1.5,1,0.03225806451612903,23,30
78,31,3.0,1,0.03125,25,31
78,32,1.0,1,0.030303030303030304,26,32
78,33,0.5,1,0.029411764705882353,27,33
78,34,0.5,1,0.02857142857142857,28,34
78,35,0.5,1,0.027777777777777776,29,35
78,36,-1.5,1,0.02702702702702703,29,36
78,37,0.5,1,0.02631578947368421,30,37
78,38,0.5,1,0.02564102564102564,31,38
78,39,-7.0,2,0.05,31,38
78,40,-2.0,2,0.04878048780487805,31,39
78,41,2.5,2,0.047619047619047616,33,40
78,42,0.5,2,0.046511627906976744,34,41
78,43,0.5,2,0.045454545454545456,35,42
78,44,0.5,2,0.044444444444444446,36,43
78,45,-2.0,2,0.043478260869565216,36,44
78,46,2.5,2,0.0425531914893617,38,45
78,47,2.5,2,0.041666666666666664,40,46
78,48,0.5,2,0.04081632653061224,41,47
78,49,-1.5,2,0.04,41,48
79,0,0.5,0,0.0,0,1
79,1,0.5,0,0.0,0,2
79,2,4.5,0,0.0,2,3
79,3,0.5,0,0.0,2,4
79,4,2.5,0,0.0,3,5
79,5,0.0,0,0.0,3,6
79,6,2.0,0,0.0,4,7
79,7,1.5,0,0.0,5,8
79,8,2.0,0,0.0,6,9
79,9,0.0,0,0.0,6,10
79,10,-0.5,0,0.0,6,11
79,11,1.5,0,0.0,7,12
79,12,1.0,0,0.0,8,13
79,13,-1.5,0,0.0,8,14
79,14,3.0,0,0.0,10,15
79,15,1.5,0,0.0,11,16
79,16,-1.0,0,0.0,11,17
79,17,0.5,0,0.0,12,18
79,18,0.5,0,0.0,13,19
79,19,3.0,0,0.0,15,20
79,20,-1.0,0,0.0,15,21
79,21,-1.5,0,0.0,15,22
79,22,0.5,0,0.0,16,23
79,23,-2.0,0,0.0,16,24
79,24,2.5,0,0.0,18,25
79,25,-4.5,1,0.038461538461538464,19,25
79,26,-6.5,2,0.07407407407407407,19,25
79,27,-6.5,3,0.10714285714285714,19,25
79,28,3.5,3,0.10344827586206896,21,26
79,29,-1.0,3,0.1,21,27
79,30,1.0,3,0.0967741935483871,22,28
79,31,3.0,3,0.09375,24,29
79,32,-1.0,3,0.09090909090909091,24,30
79,33,1.0,3,0.08823529411764706,25,31
79,34,3.5,3,0.08571428571428572,27,32
79,35,1.5,3,0.08333333333333333,28,33
79,36,1.5,3,0.08108108108108109,29,34
79,37,3.5,3,0.07894736842105263,31,35
79,38,1.5,3,0.07692307692307693,32,36
79,39,-1.0,3,0.075,32,37
79,40,3.5,3,0.07317073170731707,34,38
79,41,-1.0,3,0.07142857142857142,34,39
79,42,1.0,3,0.06976744186046512,35,40
79,43,-1.0,3,0.06818181818181818,35,41
79,44,-1.5,3,0.06666666666666667,35,42
79,45,3.0,3,0.06521739130434782,37,43
79,46,3.5,3,0.06382978723404255,39,44
79,47,1.5,3,0.0625,40,45
79,48,1.5,3,0.061224489795918366,41,46
79,49,-1.0,3,0.06,41,47
80,0,0.5,0,0.0,0,1
80,1,0.0,0,0.0,0,2
80,2,0.0,0,0.0,0,3
80,3,2.0,0,0.0,1,4
80,4,0.0,0,0.0,1,5
80,5,-0.5,0,0.0,1,6
80,6,3.5,0,0.0,3,7
80,7,1.5,0,0.0,4,8
80,8,-0.5,0,0.0,4,9
80,9,1.5,0,0.0,5,10
80,10,1.5,0,0.0,6,11
80,11,-1.0,0,0.0,6,12
80,12,3.5,0,0.0,8,13
80,13,-1.0,0,0.0,8,14
80,14,1.0,0,0.0,9,15
80,15,-1.5,0,0.0,9,16
80,16,-5.0,1,0.058823529411764705,10,16
80,17,3.0,1,0.05555555555555555,12,17
80,18,-1.5,1,0.05263157894736842,12,18
80,19,-1.5,1,0.05,12,19
80,20,-7.0,2,0.09523809523809523,12,19
80,21,-2.0,2,0.09090909090909091,12,20
80,22,2.5,2,0.08695652173913043,14,21
80,23,3.0,2,0.08333333333333333,16,22
80,24,-4.0,3,0.12,17,22
80,25,-1.0,3,0.11538461538461539,17,23
80,26,1.0,3,0.1111111111111111,18,24
80,27,0.5,3,0.10714285714285714,19,25
80,28,0.5,3,0.10344827586206896,20,26
80,29,3.0,3,0.1,22,27
80,30,1.0,3,0.0967741935483871,23,28
80,31,-1.0,3,0.09375,23,29
80,32,1.0,3,0.09090909090909091,24,30
80,33,1.0,3,0.08823529411764706,25,31
80,34,0.5,3,0.08571428571428572,26,32
80,35,-4.5,4,0.1111111111111111,27,32
80,36,1.0,4,0.10810810810810811,28,33
80,37,1.0,4,0.10526315789473684,29,34
80,38,-1.0,4,0.10256410256410256,29,35
80,39,1.0,4,0.1,30,36
80,40,-1.5,4,0.0975609756097561,30,37
80,41,0.5,4,0.09523809523809523,31,38
80,42,5.0,4,0.09302325581395349,34,39
80,43,-1.0,4,0.09090909090909091,34,40
80,44,-1.5,4,0.08888888888888889,34,41
80,45,0.5,4,0.08695652173913043,35,42
80,46,3.0,4,0.0851063829787234,37,43
80,47,1.0,4,0.08333333333333333,38,44
80,48,-1.5,4,0.08163265306122448,38,45
80,49,3.0,4,0.08,40,46
81,0,0.5,0,0.0,0,1
81,1,0.5,0,0.0,0,2
81,2,0.0,0,0.0,0,3
81,3,1.5,0,0.0,1,4
81,4,-0.5,0,0.0,1,5
81,5,1.5,0,0.0,2,6
81,6,-0.5,0,0.0,2,7
81,7,-1.0,0,0.0,2,8
81,8,1.0,0,0.0,3,9
81,9,3.0,0,0.0,5,10
81,10,1.0,0,0.0,6,11
81,11,-1.0,0,0.0,6,12
81,12,-1.5,0,0.0,6,13
81,13,0.5,0,0.0,7,14
81,14,3.0,0,0.0,9,15
81,15,-1.5,0,0.0,9,16
81,16,-2.5,1,0.058823529411764705,11,16
81,17,3.5,1,0.05555555555555555,13,17
81,18,-1.0,1,0.05263157894736842,13,18
81,19,1.0,1,0.05,14,19
81,20,-1.0,1,0.047619047619047616,14,20
81,21,3.0,1,0.045454545454545456,16,21
81,22,1.0,1,0.043478260869565216,17,22
81,23,-1.0,1,0.041666666666666664,17,23
81,24,1.0,1,0.04,18,24
81,25,1.0,1,0.038461538461538464,19,25
81,26,3.5,1,0.037037037037037035,21,26
81,27,-6.0,2,0.07142857142857142,21,26
81,28,1.0,2,0.06896551724137931,22,27
81,29,-1.0,2,0.06666666666666667,22,28
81,30,1.0,2,0.06451612903225806,23,29
81,31,1.0,2,0.0625,24,30
81,32,-6.5,3,0.09090909090909091,24,30
81,33,1.0,3,0.08823529411764706,25,31
81,34,3.5,3,0.08571428571428572,27,32
81,35,-1.0,3,0.08333333333333333,27,33
81,36,-6.5,4,0.10810810810810811,27,33
81,37,5.5,4,0.10526315789473684,30,34
81,38,-1.0,4,0.10256410256410256,30,35
81,39,-6.5,5,0.125,30,35
81,40,-1.5,5,0.12195121951219512,30,36
81,41,0.5,5,0.11904761904761904,31,37
81,42,3.0,5,0.11627906976744186,33,38
81,43,1.5,5,0.11363636363636363,34,39
81,44,-1.0,5,0.1111111111111111,34,40
81,45,1.0,5,0.10869565217391304,35,41
81,46,-1.5,5,0.10638297872340426,35,42
81,47,3.0,5,0.10416666666666667,37,43
81,48,-1.5,5,0.10204081632653061,37,44
81,49,-7.0,6,0.12,37,44
82,0,0.5,0,0.0,0,1
82,1,0.0,0,0.0,0,2
82,2,2.5,0,0.0,1,3
82,3,0.5,0,0.0,1,4
82,4,0.0,0,0.0,1,5
82,5,2.0,0,0.0,2,6
82,6,2.0,0,0.0,3,7
82,7,-0.5,0,0.0,3,8
82,8,1.0,0,0.0,4,9
82,9,3.5,0,0.0,6,10
82,10,1.5,0,0.0,7,11
82,11,1.5,0,0.0,8,12
82,12,-1.0,0,0.0,8,13
82,13,3.5,0,0.0,10,14
82,14,-0.5,0,0.0,10,15
82,15,-4.0,1,0.0625,11,15
82,16,1.5,1,0.058823529411764705,12,16
82,17,1.5,1,0.05555555555555555,13,17
82,18,-1.0,1,0.05263157894736842,13,18
82,19,3.5,1,0.05,15,19
82,20,1.5,1,0.047619047619047616,16,20
82,21,1.5,1,0.045454545454545456,17,21
82,22,1.5,1,0.043478260869565216,18,22
82,23,-1.0,1,0.041666666666666664,18,23
82,24,-1.0,1,0.04,18,24
82,25,1.0,1,0.038461538461538464,19,25
82,26,-1.5,1,0.037037037037037035,19,26
82,27,3.0,1,0.03571428571428571,21,27
82,28,-1.5,1,0.034482758620689655,21,28
82,29,3.0,1,0.03333333333333333,23,29
82,30,1.0,1,0.03225806451612903,24,30
82,31,1.0,1,0.03125,25,31
82,32,-6.5,2,0.06060606060606061,25,31
82,33,1.0,2,0.058823529411764705,26,32
82,34,3.0,2,0.05714285714285714,28,33
82,35,1.0,2,0.05555555555555555,29,34
82,36,-1.0,2,0.05405405405405406,29,35
82,37,0.5,2,0.05263157894736842,30,36
82,38,0.5,2,0.05128205128205128,31,37
82,39,-1.5,2,0.05,31,38
82,40,0.5,2,0.04878048780487805,32,39
82,41,0.5,2,0.047619047619047616,33,40
82,42,2.5,2,0.046511627906976744,35,41
82,43,0.5,2,0.045454545454545456,36,42
82,44,0.5,2,0.044444444444444446,37,43
82,45,-1.5,2,0.043478260869565216,37,44
82,46,0.5,2,0.0425531914893617,38,45
82,47,0.5,2,0.041666666666666664,39,46
82,48,0.5,2,0.04081632653061224,40,47
82,49,3.0,2,0.04,42,48
83,0,0.5,0,0.0,0,1
83,1,0.5,0,0.0,0,2
83,2,0.0,0,0.0,0,3
83,3,-0.5,0,0.0,0,4
83,4,1.5,0,0.0,1,5
83,5,4.0,0,0.0,3,6
83,6,0.0,0,0.0,3,7
83,7,2.0,0,0.0,4,8
83,8,4.0,0,0.0,6,9
83,9,1.5,0,0.0,7,10
83,10,-0.5,0,0.0,7,11
83,11,-1.0,0,0.0,7,12
83,12,1.0,0,0.0,8,13
83,13,-1.0,0,0.0,8,14
83,14,-1.5,0,0.0,8,15
83,15,-2.5,1,0.0625,10,15
83,16,-1.0,1,0.058823529411764705,10,16
83,17,1.0,1,0.05555555555555555,11,17
83,18,1.0,1,0.05263157894736842,12,18
83,19,-4.5,2,0.1,13,18
83,20,-1.0,2,0.09523809523809523,13,19
83,21,3.5,2,0.09090909090909091,15,20
83,22,1.5,2,0.08695652173913043,16,21
83,23,3.5,2,0.08333333333333333,18,22
83,24,-0.5,2,0.08,18,23
83,25,1.5,2,0.07692307692307693,19,24
83,26,6.0,2,0.07407407407407407,22,25
83,27,0.0,2,0.07142857142857142,22,26
83,28,2.0,2,0.06896551724137931,23,27
83,29,-0.5,2,0.06666666666666667,23,28
83,30,1.5,2,0.06451612903225806,24,29
83,31,1.0,2,0.0625,25,30
83,32,3.5,2,0.06060606060606061,27,31
83,33,3.5,2,0.058823529411764705,29,32
83,34,-0.5,2,0.05714285714285714,29,33
83,35,-0.5,2,0.05555555555555555,29,34
83,36,1.5,2,0.05405405405405406,30,35
83,37,-6.0,3,0.07894736842105263,30,35
83,38,-1.0,3,0.07692307692307693,30,36
83,39,1.0,3,0.075,31,37
83,40,5.5,3,0.07317073170731707,34,38
83,41,1.5,3,0.07142857142857142,35,39
83,42,1.5,3,0.06976744186046512,36,40
83,43,3.5,3,0.06818181818181818,38,41
83,44,2.0,3,0.06666666666666667,39,42
83,45,2.0,3,0.06521739130434782,40,43
83,46,0.0,3,0.06382978723404255,40,44
83,47,1.5,3,0.0625,41,45
83,48,1.5,3,0.061224489795918366,42,46
83,49,2.0,3,0.06,43,47
84,0,0.5,0,0.0,0,1
84,1,0.0,0,0.0,0,2
84,2,2.5,0,0.0,1,3
84,3,2.0,0,0.0,2,4
84,4,2.5,0,0.0,3,5
84,5,0.5,0,0.0,3,6
84,6,2.0,0,0.0,4,7
84,7,2.0,0,0.0,5,8
84,8,1.5,0,0.0,6,9
84,9,-0.5,0,0.0,6,10
84,10,-0.5,0,0.0,6,11
84,11,-1.0,0,0.0,6,12
84,12,3.0,0,0.0,8,13
84,13,-1.0,0,0.0,8,14
84,14,1.0,0,0.0,9,15
84,15,1.0,0,0.0,10,16
84,16,-1.5,0,0.0,10,17
84,17,-7.0,1,0.05555555555555555,10,17
84,18,3.0,1,0.05263157894736842,12,18
84,19,-1.5,1,0.05,12,19
84,20,0.5,1,0.047619047619047616,13,20
84,21,2.5,1,0.045454545454545456,15,21
84,22,0.5,1,0.043478260869565216,16,22
84,23,0.5,1,0.041666666666666664,17,23
84,24,3.0,1,0.04,19,24
84,25,-1.0,1,0.038461538461538464,19,25
84,26,-1.5,1,0.037037037037037035,19,26
84,27,0.5,1,0.03571428571428571,20,27
84,28,0.5,1,0.034482758620689655,21,28
84,29,0.5,1,0.03333333333333333,22,29
84,30,-2.0,1,0.03225806451612903,22,30
84,31,5.0,1,0.03125,25,31
84,32,-4.5,2,0.06060606060606061,26,31
84,33,-1.0,2,0.058823529411764705,26,32
84,34,1.0,2,0.05714285714285714,27,33
84,35,1.0,2,0.05555555555555555,28,34
84,36,1.0,2,0.05405405405405406,29,35
84,37,1.0,2,0.05263157894736842,30,36
84,38,1.0,2,0.05128205128205128,31,37
84,39,0.5,2,0.05,32,38
84,40,0.5,2,0.04878048780487805,33,39
84,41,1.0,2,0.047619047619047616,34,40
84,42,1.0,2,0.046511627906976744,35,41
84,43,3.5,2,0.045454545454545456,37,42
84,44,-1.0,2,0.044444444444444446,37,43
84,45,1.0,2,0.043478260869565216,38,44
84,46,3.0,2,0.0425531914893617,40,45
84,47,1.0,2,0.041666666666666664,41,46
84,48,3.5,2,0.04081632653061224,43,47
84,49,1.5,2,0.04,44,48
85,0,0.5,0,0.0,0,1
85,1,0.5,0,0.0,0,2
85,2,0.0,0,0.0,0,3
85,3,-0.5,0,0.0,0,4
85,4,3.5,0,0.0,2,5
85,5,-0.5,0,0.0,2,6
85,6,1.5,0,0.0,3,7
85,7,1.5,0,0.0,4,8
85,8,1.5,0,0.0,5,9
85,9,-0.5,0,0.0,5,10
85,10,-1.0,0,0.0,5,11
85,11,3.5,0,0.0,7,12
85,12,3.5,0,0.0,9,13
85,13,1.5,0,0.0,10,14
85,14,1.5,0,0.0,11,15
85,15,1.5,0,0.0,12,16
85,16,1.5,0,0.0,13,17
85,17,1.5,0,0.0,14,18
85,18,3.5,0,0.0,16,19
85,19,2.0,0,0.0,17,20
85,20,-0.5,0,0.0,17,21
85,21,1.5,0,0.0,18,22
85,22,1.5,0,0.0,19,23
85,23,-0.5,0,0.0,19,24
85,24,3.5,0,0.0,21,25
85,25,1.5,0,0.0,22,26
85,26,-0.5,0,0.0,22,27
85,27,-1.0,0,0.0,22,28
85,28,5.5,0,0.0,25,29
85,29,1.5,0,0.0,26,30
85,30,-0.5,0,0.0,26,31
85,31,-1.0,0,0.0,26,32
85,32,-1.5,0,0.0,26,33
85,33,3.0,0,0.0,28,34
85,34,1.0,0,0.0,29,35
85,35,-1.5,0,0.0,29,36
85,36,3.0,0,0.0,31,37
85,37,-1.5,0,0.0,31,38
85,38,0.5,0,0.0,32,39
85,39,-2.0,0,0.0,32,40
85,40,5.0,0,0.0,35,41
85,41,-1.5,0,0.0,35,42
85,42,3.0,0,0.0,37,43
85,43,1.0,0,0.0,38,44
85,44,1.0,0,0.0,39,45
85,45,1.0,0,0.0,40,46
85,46,3.0,0,0.0,42,47
85,47,-1.5,0,0.0,42,48
85,48,0.5,0,0.0,43,49
85,49,-1.5,0,0.0,43,50
86,0,0.5,0,0.0,0,1
86,1,0.5,0,0.0,0,2
86,2,2.0,0,0.0,1,3
86,3,0.0,0,0.0,1,4
86,4,-0.5,0,0.0,1,5
86,5,1.5,0,0.0,2,6
86,6,-1.0,0,0.0,2,7
86,7,3.5,0,0.0,4,8
86,8,-0.5,0,0.0,4,9
86,9,1.0,0,0.0,5,10
86,10,-1.5,0,0.0,5,11
86,11,3.0,0,0.0,7,12
86,12,3.5,0,0.0,9,13
86,13,-0.5,0,0.0,9,14
86,14,-1.0,0,0.0,9,15
86,15,-4.5,1,0.0625,10,15
86,16,1.0,1,0.058823529411764705,11,16
86,17,-1.0,1,0.05555555555555555,11,17
86,18,1.0,1,0.05263157894736842,12,18
86,19,1.0,1,0.05,13,19
86,20,3.5,1,0.047619047619047616,15,20
86,21,-6.0,2,0.09090909090909091,15,20
86,22,1.5,2,0.08695652173913043,16,21
86,23,1.0,2,0.08333333333333333,17,22
86,24,-1.0,2,0.08,17,23
86,25,1.0,2,0.07692307692307693,18,24
86,26,-1.5,2,0.07407407407407407,18,25
86,27,3.0,2,0.07142857142857142,20,26
86,28,0.5,2,0.06896551724137931,21,27
86,29,-1.5,2,0.06666666666666667,21,28
86,30,0.5,2,0.06451612903225806,22,29
86,31,-7.0,3,0.09375,22,29
86,32,0.5,3,0.09090909090909091,23,30
86,33,-2.0,3,0.08823529411764706,23,31
86,34,2.5,3,0.08571428571428572,25,32
86,35,-5.0,4,0.1111111111111111,26,32
86,36,0.5,4,0.10810810810810811,27,33
86,37,-1.5,4,0.10526315789473684,27,34
86,38,2.5,4,0.10256410256410256,29,35
86,39,0.5,4,0.1,30,36
86,40,0.5,4,0.0975609756097561,31,37
86,41,-1.5,4,0.09523809523809523,31,38
86,42,0.5,4,0.09302325581395349,32,39
86,43,-2.0,4,0.09090909090909091,32,40
86,44,2.5,4,0.08888888888888889,34,41
86,45,0.5,4,0.08695652173913043,35,42
86,46,0.5,4,0.0851063829787234,36,43
86,47,0.5,4,0.08333333333333333,37,44
86,48,3.0,4,0.08163265306122448,39,45
86,49,-1.5,4,0.08,39,46
87,0,0.5,0,0.0,0,1
87,1,2.5,0,0.0,1,2
87,2,0.0,0,0.0,1,3
87,3,0.0,0,0.0,1,4
87,4,-0.5,0,0.0,1,5
87,5,1.5,0,0.0,2,6
87,6,-0.5,0,0.0,2,7
87,7,-1.0,0,0.0,2,8
87,8,1.0,0,0.0,3,9
87,9,1.0,0,0.0,4,10
87,10,1.0,0,0.0,5,11
87,11,-1.5,0,0.0,5,12
87,12,0.5,0,0.0,6,13
87,13,0.5,0,0.0,7,14
87,14,2.5,0,0.0,9,15
87,15,3.0,0,0.0,11,16
87,16,1.0,0,0.0,12,17
87,17,1.0,0,0.0,13,18
87,18,-1.0,0,0.0,13,19
87,19,3.0,0,0.0,15,20
87,20,-1.5,0,0.0,15,21
87,21,-1.5,0,0.0,15,22
87,22,0.5,0,0.0,16,23
87,23,0.5,0,0.0,17,24
87,24,0.5,0,0.0,18,25
87,25,0.5,0,0.0,19,26
87,26,-5.0,1,0.037037037037037035,20,26
87,27,0.5,1,0.03571428571428571,21,27
87,28,-1.5,1,0.034482758620689655,21,28
87,29,-7.0,2,0.06666666666666667,21,28
87,30,0.5,2,0.06451612903225806,22,29
87,31,-5.0,3,0.09375,23,29
87,32,0.5,3,0.09090909090909091,24,30
87,33,-1.5,3,0.08823529411764706,24,31
87,34,-7.0,4,0.11428571428571428,24,31
87,35,3.0,4,0.1111111111111111,26,32
87,36,-1.5,4,0.10810810810810811,26,33
87,37,0.5,4,0.10526315789473684,27,34
87,38,3.0,4,0.10256410256410256,29,35
87,39,1.0,4,0.1,30,36
87,40,-1.5,4,0.0975609756097561,30,37
87,41,0.5,4,0.09523809523809523,31,38
87,42,-5.0,5,0.11627906976744186,32,38
87,43,-1.5,5,0.11363636363636363,32,39
87,44,-4.5,6,0.13333333333333333,33,39
87,45,1.0,6,0.13043478260869565,34,40
87,46,3.0,6,0.1276595744680851,36,41
87,47,1.0,6,0.125,37,42
87,48,3.5,6,0.12244897959183673,39,43
87,49,-1.0,6,0.12,39,44
88,0,0.5,0,0.0,0,1
88,1,2.5,0,0.0,1,2
88,2,0.0,0,0.0,1,3
88,3,2.5,0,0.0,2,4
88,4,0.0,0,0.0,2,5
88,5,1.5,0,0.0,3,6
88,6,-0.5,0,0.0,3,7
88,7,1.5,0,0.0,4,8
88,8,-1.0,0,0.0,4,9
88,9,1.5,0,0.0,5,10
88,10,-6.0,1,0.09090909090909091,5,10
88,11,3.5,1,0.08333333333333333,7,11
88,12,1.5,1,0.07692307692307693,8,12
88,13,-0.5,1,0.07142857142857142,8,13
88,14,4.0,1,0.06666666666666667,10,14
88,15,-0.5,1,0.0625,10,15
88,16,1.5,1,0.058823529411764705,11,16
88,17,1.5,1,0.05555555555555555,12,17
88,18,3.5,1,0.05263157894736842,14,18
88,19,-0.5,1,0.05,14,19
88,20,-1.0,1,0.047619047619047616,14,20
88,21,3.5,1,0.045454545454545456,16,21
88,22,3.5,1,0.043478260869565216,18,22
88,23,1.5,1,0.041666666666666664,19,23
88,24,1.5,1,0.04,20,24
88,25,-0.5,1,0.038461538461538464,20,25
88,26,-1.0,1,0.037037037037037035,20,26
88,27,3.0,1,0.03571428571428571,22,27
88,28,-1.0,1,0.034482758620689655,22,28
88,29,1.0,1,0.03333333333333333,23,29
88,30,-1.5,1,0.03225806451612903,23,30
88,31,0.5,1,0.03125,24,31
88,32,-7.0,2,0.06060606060606061,24,31
88,33,3.0,2,0.058823529411764705,26,32
88,34,1.0,2,0.05714285714285714,27,33
88,35,-1.5,2,0.05555555555555555,27,34
88,36,0.5,2,0.05405405405405406,28,35
88,37,0.5,2,0.05263157894736842,29,36
88,38,2.5,2,0.05128205128205128,31,37
88,39,-1.5,2,0.05,31,38
88,40,0.5,2,0.04878048780487805,32,39
88,41,0.5,2,0.047619047619047616,33,40
88,42,-2.0,2,0.046511627906976744,33,41
88,43,-5.0,3,0.06818181818181818,34,41
88,44,0.5,3,0.06666666666666667,35,42
88,45,-4.5,4,0.08695652173913043,36,42
88,46,1.0,4,0.0851063829787234,37,43
88,47,0.5,4,0.08333333333333333,38,44
88,48,0.5,4,0.08163265306122448,39,45
88,49,-4.5,5,0.1,40,45
89,0,0.5,0,0.0,0,1
89,1,0.5,0,0.0,0,2
89,2,0.0,0,0.0,0,3
89,3,-0.5,0,0.0,0,4
89,4,3.5,0,0.0,2,5
89,5,-0.5,0,0.0,2,6
89,6,-0.5,0,0.0,2,7
89,7,3.5,0,0.0,4,8
89,8,-1.0,0,0.0,4,9
89,9,-1.0,0,0.0,4,10
89,10,1.0,0,0.0,5,11
89,11,1.0,0,0.0,6,12
89,12,0.5,0,0.0,7,13
89,13,0.5,0,0.0,8,14
89,14,-1.5,0,0.0,8,15
89,15,0.5,0,0.0,9,16
89,16,-5.0,1,0.058823529411764705,10,16
89,17,-1.5,1,0.05555555555555555,10,17
89,18,0.5,1,0.05263157894736842,11,18
89,19,-2.0,1,0.05,11,19
89,20,2.5,1,0.047619047619047616,13,20
89,21,0.5,1,0.045454545454545456,14,21
89,22,0.5,1,0.043478260869565216,15,22
89,23,0.5,1,0.041666666666666664,16,23
89,24,-2.0,1,0.04,16,24
89,25,-5.0,2,0.07692307692307693,17,24
89,26,0.5,2,0.07407407407407407,18,25
89,27,3.0,2,0.07142857142857142,20,26
89,28,-1.5,2,0.06896551724137931,20,27
89,29,0.5,2,0.06666666666666667,21,28
89,30,0.5,2,0.06451612903225806,22,29
89,31,0.5,2,0.0625,23,30
89,32,0.5,2,0.06060606060606061,24,31
89,33,-4.5,3,0.08823529411764706,25,31
89,34,0.5,3,0.08571428571428572,26,32
89,35,-7.0,4,0.1111111111111111,26,32
89,36,-1.5,4,0.10810810810810811,26,33
89,37,2.5,4,0.10526315789473684,28,34
89,38,0.5,4,0.10256410256410256,29,35
89,39,-7.0,5,0.125,29,35
89,40,-1.5,5,0.12195121951219512,29,36
89,41,0.5,5,0.11904761904761904,30,37
89,42,2.5,5,0.11627906976744186,32,38
89,43,1.0,5,0.11363636363636363,33,39
89,44,1.0,5,0.1111111111111111,34,40
89,45,1.0,5,0.10869565217391304,35,41
89,46,3.0,5,0.10638297872340426,37,42
89,47,-1.5,5,0.10416666666666667,37,43
89,48,3.0,5,0.10204081632653061,39,44
89,49,-1.0,5,0.1,39,45
90,0,0.5,0,0.0,0,1
90,1,0.0,0,0.0,0,2
90,2,2.5,0,0.0,1,3
90,3,2.0,0,0.0,2,4
90,4,0.0,0,0.0,2,5
90,5,-0.5,0,0.0,2,6
90,6,-1.0,0,0.0,2,7
90,7,1.0,0,0.0,3,8
90,8,1.5,0,0.0,4,9
90,9,1.0,0,0.0,5,10
90,10,3.5,0,0.0,7,11
90,11,-0.5,0,0.0,7,12
90,12,-1.0,0,0.0,7,13
90,13,0.5,0,0.0,8,14
90,14,-1.5,0,0.0,8,15
90,15,5.0,0,0.0,11,16
90,16,-1.0,0,0.0,11,17
90,17,-6.5,1,0.05555555555555555,11,17
90,18,-1.5,1,0.05263157894736842,11,18
90,19,-2.0,1,0.05,11,19
90,20,5.0,1,0.047619047619047616,14,20
90,21,-1.5,1,0.045454545454545456,14,21
90,22,-2.0,1,0.043478260869565216,14,22
90,23,2.5,1,0.041666666666666664,16,23
90,24,0.5,1,0.04,17,24
90,25,-7.0,2,0.07692307692307693,17,24
90,26,0.5,2,0.07407407407407407,18,25
90,27,-2.0,2,0.07142857142857142,18,26
90,28,5.0,2,0.06896551724137931,21,27
90,29,3.5,2,0.06666666666666667,23,28
90,30,-1.0,2,0.06451612903225806,23,29
90,31,3.5,2,0.0625,25,30
90,32,-6.0,3,0.09090909090909091,25,30
90,33,-6.0,4,0.11764705882352941,25,30
90,34,1.5,4,0.11428571428571428,26,31
90,35,-1.0,4,0.1111111111111111,26,32
90,36,3.5,4,0.10810810810810811,28,33
90,37,1.5,4,0.10526315789473684,29,34
90,38,1.0,4,0.10256410256410256,30,35
90,39,3.5,4,0.1,32,36
90,40,-1.0,4,0.0975609756097561,32,37
90,41,3.5,4,0.09523809523809523,34,38
90,42,1.5,4,0.09302325581395349,35,39
90,43,1.5,4,0.09090909090909091,36,40
90,44,-6.0,5,0.1111111111111111,36,40
90,45,1.5,5,0.10869565217391304,37,41
90,46,-0.5,5,0.10638297872340426,37,42
90,47,1.5,5,0.10416666666666667,38,43
90,48,-1.0,5,0.10204081632653061,38,44
90,49,3.0,5,0.1,40,45
91,0,0.5,0,0.0,0,1
91,1,0.0,0,0.0,0,2
91,2,0.0,0,0.0,0,3
91,3,2.0,0,0.0,1,4
91,4,2.0,0,0.0,2,5
91,5,1.5,0,0.0,3,6
91,6,-0.5,0,0.0,3,7
91,7,-0.5,0,0.0,3,8
91,8,3.5,0,0.0,5,9
91,9,-1.0,0,0.0,5,10
91,10,3.5,0,0.0,7,11
91,11,3.5,0,0.0,9,12
91,12,-0.5,0,0.0,9,13
91,13,-6.0,1,0.07142857142857142,9,13
91,14,-1.0,1,0.06666666666666667,9,14
91,15,-6.5,2,0.125,9,14
91,16,3.5,2,0.11764705882352941,11,15
91,17,-1.0,2,0.1111111111111111,11,16
91,18,-6.5,3,0.15789473684210525,11,16
91,19,-1.0,3,0.15,11,17
91,20,-1.5,3,0.14285714285714285,11,18
91,21,5.5,3,0.13636363636363635,14,19
91,22,1.0,3,0.13043478260869565,15,20
91,23,1.0,3,0.125,16,21
91,24,3.5,3,0.12,18,22
91,25,-0.5,3,0.11538461538461539,18,23
91,26,-1.0,3,0.1111111111111111,18,24
91,27,1.0,3,0.10714285714285714,19,25
91,28,-1.5,3,0.10344827586206896,19,26
91,29,2.5,3,0.1,21,27
91,30,-1.5,3,0.0967741935483871,21,28
91,31,-7.0,4,0.125,21,28
91,32,0.5,4,0.12121212121212122,22,29
91,33,-5.0,5,0.14705882352941177,23,29
91,34,3.0,5,0.14285714285714285,25,30
91,35,-1.5,5,0.1388888888888889,25,31
91,36,-1.5,5,0.13513513513513514,25,32
91,37,-2.0,5,0.13157894736842105,25,33
91,38,0.0,5,0.1282051282051282,26,34
91,39,5.0,5,0.125,29,35
91,40,-1.5,5,0.12195121951219512,29,36
91,41,3.0,5,0.11904761904761904,31,37
91,42,1.0,5,0.11627906976744186,32,38
91,43,-1.5,5,0.11363636363636363,32,39
91,44,0.5,5,0.1111111111111111,33,40
91,45,0.5,5,0.10869565217391304,34,41
91,46,0.5,5,0.10638297872340426,35,42
91,47,-4.5,6,0.125,36,42
91,48,3.0,6,0.12244897959183673,38,43
91,49,1.0,6,0.12,39,44
92,0,0.5,0,0.0,0,1
92,1,2.5,0,0.0,1,2
92,2,0.0,0,0.0,1,3
92,3,0.0,0,0.0,1,4
92,4,4.0,0,0.0,3,5
92,5,0.0,0,0.0,3,6
92,6,0.0,0,0.0,3,7
92,7,-0.5,0,0.0,3,8
92,8,3.5,0,0.0,5,9
92,9,-1.0,0,0.0,5,10
92,10,-1.0,0,0.0,5,11
92,11,1.0,0,0.0,6,12
92,12,3.5,0,0.0,8,13
92,13,1.0,0,0.0,9,14
92,14,-1.5,0,0.0,9,15
92,15,0.5,0,0.0,10,16
92,16,-1.5,0,0.0,10,17
92,17,0.5,0,0.0,11,18
92,18,-7.0,1,0.05263157894736842,11,18
92,19,0.5,1,0.05,12,19
92,20,0.5,1,0.047619047619047616,13,20
92,21,-7.0,2,0.09090909090909091,13,20
92,22,0.5,2,0.08695652173913043,14,21
92,23,-7.0,3,0.125,14,21
92,24,3.0,3,0.12,16,22
92,25,1.0,3,0.11538461538461539,17,23
92,26,5.5,3,0.1111111111111111,20,24
92,27,-0.5,3,0.10714285714285714,20,25
92,28,1.5,3,0.10344827586206896,21,26
92,29,1.0,3,0.1,22,27
92,30,1.0,3,0.0967741935483871,23,28
92,31,1.0,3,0.09375,24,29
92,32,1.0,3,0.09090909090909091,25,30
92,33,1.0,3,0.08823529411764706,26,31
92,34,1.0,3,0.08571428571428572,27,32
92,35,3.5,3,0.08333333333333333,29,33
92,36,1.5,3,0.08108108108108109,30,34
92,37,1.5,3,0.07894736842105263,31,35
92,38,-0.5,3,0.07692307692307693,31,36
92,39,-1.0,3,0.075,31,37
92,40,1.0,3,0.07317073170731707,32,38
92,41,3.5,3,0.07142857142857142,34,39
92,42,3.5,3,0.06976744186046512,36,40
92,43,1.5,3,0.06818181818181818,37,41
92,44,1.5,3,0.06666666666666667,38,42
92,45,1.5,3,0.06521739130434782,39,43
92,46,1.5,3,0.06382978723404255,40,44
92,47,1.5,3,0.0625,41,45
92,48,-0.5,3,0.061224489795918366,41,46
92,49,-1.0,3,0.06,41,47
93,0,0.5,0,0.0,0,1
93,1,0.5,0,0.0,0,2
93,2,0.5,0,0.0,0,3
93,3,0.0,0,0.0,0,4
93,4,2.0,0,0.0,1,5
93,5,1.5,0,0.0,2,6
93,6,1.5,0,0.0,3,7
93,7,1.5,0,0.0,4,8
93,8,1.5,0,0.0,5,9
93,9,-0.5,0,0.0,5,10
93,10,-1.0,0,0.0,5,11
93,11,1.0,0,0.0,6,12
93,12,3.5,0,0.0,8,13
93,13,-1.0,0,0.0,8,14
93,14,1.0,0,0.0,9,15
93,15,3.0,0,0.0,11,16
93,16,1.0,0,0.0,12,17
93,17,3.5,0,0.0,14,18
93,18,1.5,0,0.0,15,19
93,19,-1.0,0,0.0,15,20
93,20,-1.0,0,0.0,15,21
93,21,1.0,0,0.0,16,22
93,22,1.0,0,0.0,17,23
93,23,-4.5,1,0.041666666666666664,18,23
93,24,-1.0,1,0.04,18,24
93,25,1.0,1,0.038461538461538464,19,25
93,26,3.0,1,0.037037037037037035,21,26
93,27,1.0,1,0.03571428571428571,22,27
93,28,1.5,1,0.034482758620689655,23,28
93,29,-1.0,1,0.03333333333333333,23,29
93,30,-1.5,1,0.03225806451612903,23,30
93,31,-2.0,1,0.03125,23,31
93,32,5.0,1,0.030303030303030304,26,32
93,33,-1.5,1,0.029411764705882353,26,33
93,34,2.5,1,0.02857142857142857,28,34
93,35,-1.5,1,0.027777777777777776,28,35
93,36,0.5,1,0.02702702702702703,29,36
93,37,0.5,1,0.02631578947368421,30,37
93,38,0.5,1,0.02564102564102564,31,38
93,39,3.0,1,0.025,33,39
93,40,-1.5,1,0.024390243902439025,33,40
93,41,3.0,1,0.023809523809523808,35,41
93,42,-1.5,1,0.023255813953488372,35,42
93,43,0.5,1,0.022727272727272728,36,43
93,44,0.5,1,0.022222222222222223,37,44
93,45,0.5,1,0.021739130434782608,38,45
93,46,0.5,1,0.02127659574468085,39,46
93,47,0.5,1,0.020833333333333332,40,47
93,48,0.5,1,0.02040816326530612,41,48
93,49,-7.0,2,0.04,41,48
94,0,0.5,0,0.0,0,1
94,1,0.5,0,0.0,0,2
94,2,2.0,0,0.0,1,3
94,3,0.0,0,0.0,1,4
94,4,-0.5,0,0.0,1,5
94,5,3.5,0,0.0,3,6
94,6,-0.5,0,0.0,3,7
94,7,-0.5,0,0.0,3,8
94,8,1.5,0,0.0,4,9
94,9,-1.0,0,0.0,4,10
94,10,0.5,0,0.0,5,11
94,11,0.5,0,0.0,6,12
94,12,0.5,0,0.0,7,13
94,13,0.5,0,0.0,8,14
94,14,0.5,0,0.0,9,15
94,15,0.5,0,0.0,10,16
94,16,0.5,0,0.0,11,17
94,17,0.5,0,0.0,12,18
94,18,-7.0,1,0.05263157894736842,12,18
94,19,-1.5,1,0.05,12,19
94,20,0.5,1,0.047619047619047616,13,20
94,21,3.0,1,0.045454545454545456,15,21
94,22,-1.5,1,0.043478260869565216,15,22
94,23,0.5,1,0.041666666666666664,16,23
94,24,0.5,1,0.04,17,24
94,25,3.0,1,0.038461538461538464,19,25
94,26,3.5,1,0.037037037037037035,21,26
94,27,-1.0,1,0.03571428571428571,21,27
94,28,1.0,1,0.034482758620689655,22,28
94,29,1.0,1,0.03333333333333333,23,29
94,30,3.0,1,0.03225806451612903,25,30
94,31,-1.0,1,0.03125,25,31
94,32,-1.5,1,0.030303030303030304,25,32
94,33,-2.0,1,0.029411764705882353,25,33
94,34,2.5,1,0.02857142857142857,27,34
94,35,0.5,1,0.027777777777777776,28,35
94,36,2.5,1,0.02702702702702703,30,36
94,37,-1.5,1,0.02631578947368421,30,37
94,38,3.0,1,0.02564102564102564,32,38
94,39,1.0,1,0.025,33,39
94,40,3.0,1,0.024390243902439025,35,40
94,41,1.0,1,0.023809523809523808,36,41
94,42,1.0,1,0.023255813953488372,37,42
94,43,-6.5,2,0.045454545454545456,37,42
94,44,-1.0,2,0.044444444444444446,37,43
94,45,1.0,2,0.043478260869565216,38,44
94,46,-1.5,2,0.0425531914893617,38,45
94,47,2.5,2,0.041666666666666664,40,46
94,48,-1.5,2,0.04081632653061224,40,47
94,49,0.5,2,0.04,41,48
95,0,0.5,0,0.0,0,1
95,1,0.0,0,0.0,0,2
95,2,0.0,0,0.0,0,3
95,3,2.0,0,0.0,1,4
95,4,1.5,0,0.0,2,5
95,5,-0.5,0,0.0,2,6
95,6,-0.5,0,0.0,2,7
95,7,3.5,0,0.0,4,8
95,8,3.5,0,0.0,6,9
95,9,-0.5,0,0.0,6,10
95,10,-0.5,0,0.0,6,11
95,11,1.5,0,0.0,7,12
95,12,3.5,0,0.0,9,13
95,13,-0.5,0,0.0,9,14
95,14,-1.0,0,0.0,9,15
95,15,1.0,0,0.0,10,16
95,16,1.0,0,0.0,11,17
95,17,1.0,0,0.0,12,18
95,18,1.0,0,0.0,13,19
95,19,-4.0,1,0.05,14,19
95,20,-1.0,1,0.047619047619047616,14,20
95,21,3.0,1,0.045454545454545456,16,21
95,22,-1.0,1,0.043478260869565216,16,22
95,23,3.0,1,0.041666666666666664,18,23
95,24,1.0,1,0.04,19,24
95,25,1.0,1,0.038461538461538464,20,25
95,26,-1.0,1,0.037037037037037035,20,26
95,27,-1.5,1,0.03571428571428571,20,27
95,28,3.0,1,0.034482758620689655,22,28
95,29,3.0,1,0.03333333333333333,24,29
95,30,-1.0,1,0.03225806451612903,24,30
95,31,1.0,1,0.03125,25,31
95,32,-1.5,1,0.030303030303030304,25,32
95,33,0.5,1,0.029411764705882353,26,33
95,34,0.5,1,0.02857142857142857,27,34
95,35,-2.0,1,0.027777777777777776,27,35
95,36,5.0,1,0.02702702702702703,30,36
95,37,3.0,1,0.02631578947368421,32,37
95,38,-1.0,1,0.02564102564102564,32,38
95,39,1.0,1,0.025,33,39
95,40,-1.5,1,0.024390243902439025,33,40
95,41,0.5,1,0.023809523809523808,34,41
95,42,0.5,1,0.023255813953488372,35,42
95,43,-7.0,2,0.045454545454545456,35,42
95,44,0.5,2,0.044444444444444446,36,43
95,45,0.5,2,0.043478260869565216,37,44
95,46,-5.0,3,0.06382978723404255,38,44
95,47,0.5,3,0.0625,39,45
95,48,0.5,3,0.061224489795918366,40,46
95,49,0.5,3,0.06,41,47
96,0,0.5,0,0.0,0,1
96,1,0.0,0,0.0,0,2
96,2,2.5,0,0.0,1,3
96,3,0.0,0,0.0,1,4
96,4,0.0,0,0.0,1,5
96,5,1.5,0,0.0,2,6
96,6,1.5,0,0.0,3,7
96,7,1.5,0,0.0,4,8
96,8,-0.5,0,0.0,4,9
96,9,1.0,0,0.0,5,10
96,10,1.0,0,0.0,6,11
96,11,1.0,0,0.0,7,12
96,12,1.0,0,0.0,8,13
96,13,-1.0,0,0.0,8,14
96,14,-1.5,0,0.0,8,15
96,15,2.5,0,0.0,10,16
96,16,-1.5,0,0.0,10,17
96,17,0.5,0,0.0,11,18
96,18,0.5,0,0.0,12,19
96,19,-7.0,1,0.05,12,19
96,20,0.5,1,0.047619047619047616,13,20
96,21,-2.0,1,0.045454545454545456,13,21
96,22,2.5,1,0.043478260869565216,15,22
96,23,0.5,1,0.041666666666666664,16,23
96,24,0.5,1,0.04,17,24
96,25,-2.0,1,0.038461538461538464,17,25
96,26,-2.5,2,0.07407407407407407,19,25
96,27,-6.5,3,0.10714285714285714,19,25
96,28,3.5,3,0.10344827586206896,21,26
96,29,1.5,3,0.1,22,27
96,30,1.0,3,0.0967741935483871,23,28
96,31,1.0,3,0.09375,24,29
96,32,-1.0,3,0.09090909090909091,24,30
96,33,1.0,3,0.08823529411764706,25,31
96,34,3.5,3,0.08571428571428572,27,32
96,35,-1.0,3,0.08333333333333333,27,33
96,36,3.5,3,0.08108108108108109,29,34
96,37,1.0,3,0.07894736842105263,30,35
96,38,-1.0,3,0.07692307692307693,30,36
96,39,3.0,3,0.075,32,37
96,40,1.0,3,0.07317073170731707,33,38
96,41,1.0,3,0.07142857142857142,34,39
96,42,1.0,3,0.06976744186046512,35,40
96,43,1.0,3,0.06818181818181818,36,41
96,44,-1.0,3,0.06666666666666667,36,42
96,45,-1.5,3,0.06521739130434782,36,43
96,46,-2.0,3,0.06382978723404255,36,44
96,47,2.5,3,0.0625,38,45
96,48,-7.0,4,0.08163265306122448,38,45
96,49,0.5,4,0.08,39,46
97,0,0.5,0,0.0,0,1
97,1,0.0,0,0.0,0,2
97,2,0.0,0,0.0,0,3
97,3,4.0,0,0.0,2,4
97,4,0.0,0,0.0,2,5
97,5,0.0,0,0.0,2,6
97,6,-0.5,0,0.0,2,7
97,7,1.5,0,0.0,3,8
97,8,1.5,0,0.0,4,9
97,9,1.0,0,0.0,5,10
97,10,-1.0,0,0.0,5,11
97,11,-1.5,0,0.0,5,12
97,12,0.5,0,0.0,6,13
97,13,2.5,0,0.0,8,14
97,14,-1.5,0,0.0,8,15
97,15,5.0,0,0.0,11,16
97,16,-1.5,0,0.0,11,17
97,17,-1.5,0,0.0,11,18
97,18,-2.0,0,0.0,11,19
97,19,2.5,0,0.0,13,20
97,20,-7.0,1,0.047619047619047616,13,20
97,21,0.5,1,0.045454545454545456,14,21
97,22,-2.0,1,0.043478260869565216,14,22
97,23,2.5,1,0.041666666666666664,16,23
97,24,0.5,1,0.04,17,24
97,25,0.5,1,0.038461538461538464,18,25
97,26,-5.0,2,0.07407407407407407,19,25
97,27,-1.5,2,0.07142857142857142,19,26
97,28,-7.0,3,0.10344827586206896,19,26
97,29,0.5,3,0.1,20,27
97,30,-2.5,4,0.12903225806451613,22,27
97,31,1.0,4,0.125,23,28
97,32,1.0,4,0.12121212121212122,24,29
97,33,1.0,4,0.11764705882352941,25,30
97,34,3.5,4,0.11428571428571428,27,31
97,35,-0.5,4,0.1111111111111111,27,32
97,36,-1.0,4,0.10810810810810811,27,33
97,37,1.0,4,0.10526315789473684,28,34
97,38,1.0,4,0.10256410256410256,29,35
97,39,3.0,4,0.1,31,36
97,40,-1.0,4,0.0975609756097561,31,37
97,41,1.0,4,0.09523809523809523,32,38
97,42,-1.5,4,0.09302325581395349,32,39
97,43,3.0,4,0.09090909090909091,34,40
97,44,3.0,4,0.08888888888888889,36,41
97,45,-1.0,4,0.08695652173913043,36,42
97,46,1.0,4,0.0851063829787234,37,43
97,47,-1.5,4,0.08333333333333333,37,44
97,48,3.0,4,0.08163265306122448,39,45
97,49,-1.5,4,0.08,39,46
98,0,0.5,0,0.0,0,1
98,1,2.5,0,0.0,1,2
98,2,0.5,0,0.0,1,3
98,3,0.0,0,0.0,1,4
98,4,2.0,0,0.0,2,5
98,5,1.5,0,0.0,3,6
98,6,2.0,0,0.0,4,7
98,7,-0.5,0,0.0,4,8
98,8,3.5,0,0.0,6,9
98,9,-0.5,0,0.0,6,10
98,10,-0.5,0,0.0,6,11
98,11,1.5,0,0.0,7,12
98,12,-6.0,1,0.07692307692307693,7,12
98,13,-1.0,1,0.07142857142857142,7,13
98,14,1.0,1,0.06666666666666667,8,14
98,15,3.0,1,0.0625,10,15
98,16,1.0,1,0.058823529411764705,11,16
98,17,1.0,1,0.05555555555555555,12,17
98,18,-1.0,1,0.05263157894736842,12,18
98,19,-1.5,1,0.05,12,19
98,20,0.5,1,0.047619047619047616,13,20
98,21,3.0,1,0.045454545454545456,15,21
98,22,1.0,1,0.043478260869565216,16,22
98,23,-1.5,1,0.041666666666666664,16,23
98,24,0.5,1,0.04,17,24
98,25,0.5,1,0.038461538461538464,18,25
98,26,3.0,1,0.037037037037037035,20,26
98,27,-1.5,1,0.03571428571428571,20,27
98,28,0.5,1,0.034482758620689655,21,28
98,29,-2.0,1,0.03333333333333333,21,29
98,30,0.0,1,0.03225806451612903,22,30
98,31,-5.0,2,0.0625,23,30
98,32,3.0,2,0.06060606060606061,25,31
98,33,0.5,2,0.058823529411764705,26,32
98,34,-1.5,2,0.05714285714285714,26,33
98,35,0.5,2,0.05555555555555555,27,34
98,36,-2.0,2,0.05405405405405406,27,35
98,37,5.0,2,0.05263157894736842,30,36
98,38,-1.5,2,0.05128205128205128,30,37
98,39,-2.0,2,0.05,30,38
98,40,2.5,2,0.04878048780487805,32,39
98,41,-4.5,3,0.07142857142857142,33,39
98,42,1.0,3,0.06976744186046512,34,40
98,43,-1.5,3,0.06818181818181818,34,41
98,44,-2.0,3,0.06666666666666667,34,42
98,45,2.5,3,0.06521739130434782,36,43
98,46,-7.0,4,0.0851063829787234,36,43
98,47,3.0,4,0.08333333333333333,38,44
98,48,1.0,4,0.08163265306122448,39,45
98,49,1.0,4,0.08,40,46
99,0,0.5,0,0.0,0,1
99,1,0.5,0,0.0,0,2
99,2,0.0,0,0.0,0,3
99,3,0.0,0,0.0,0,4
99,4,-0.5,0,0.0,0,5
99,5,1.5,0,0.0,1,6
99,6,3.5,0,0.0,3,7
99,7,-0.5,0,0.0,3,8
99,8,1.5,0,0.0,4,9
99,9,-1.0,0,0.0,4,10
99,10,1.0,0,0.0,5,11
99,11,3.0,0,0.0,7,12
99,12,1.0,0,0.0,8,13
99,13,1.0,0,0.0,9,14
99,14,1.0,0,0.0,10,15
99,15,1.0,0,0.0,11,16
99,16,-1.5,0,0.0,11,17
99,17,-1.5,0,0.0,11,18
99,18,0.5,0,0.0,12,19
99,19,-7.0,1,0.05,12,19
99,20,0.5,1,0.047619047619047616,13,20
99,21,-7.0,2,0.09090909090909091,13,20
99,22,0.5,2,0.08695652173913043,14,21
99,23,3.0,2,0.08333333333333333,16,22
99,24,1.0,2,0.08,17,23
99,25,1.0,2,0.07692307692307693,18,24
99,26,0.5,2,0.07407407407407407,19,25
99,27,-4.5,3,0.10714285714285714,20,25
99,28,1.0,3,0.10344827586206896,21,26
99,29,-1.0,3,0.1,21,27
99,30,-1.5,3,0.0967741935483871,21,28
99,31,0.5,3,0.09375,22,29
99,32,-2.0,3,0.09090909090909091,22,30
99,33,-2.5,4,0.11764705882352941,24,30
99,34,-1.5,4,0.11428571428571428,24,31
99,35,-5.0,5,0.1388888888888889,25,31
99,36,0.5,5,0.13513513513513514,26,32
99,37,1.0,5,0.13157894736842105,27,33
99,38,-1.5,5,0.1282051282051282,27,34
99,39,3.0,5,0.125,29,35
99,40,5.5,5,0.12195121951219512,32,36
99,41,-0.5,5,0.11904761904761904,32,37
99,42,-1.0,5,0.11627906976744186,32,38
99,43,1.0,5,0.11363636363636363,33,39
99,44,1.0,5,0.1111111111111111,34,40
99,45,1.0,5,0.10869565217391304,35,41
99,46,3.0,5,0.10638297872340426,37,42
99,47,-6.5,6,0.125,37,42
99,48,-1.0,6,0.12244897959183673,37,43
99,49,1.0,6,0.12,38,44
